--[[
    =======================================================
       SONN HUB - DRIVING EMPIRE AUTOFARM
       Author: SONN HUB
       Supported Executors: Real, Synapse Z, Wave, Delta, Fluxus, Codex, Arceus X
    =======================================================
--]]

local _0xK1 = 129
local _0xK2 = 76
local _0xK3 = 60

local _0xData = {
    196,196,26,26,235,209,209,209,209,52,52,52,52,52,52,52,52,52,52,52,52,52,52,52,52,52,52,52,52,52,52,52,52,52,52,
    52,52,52,52,52,52,52,52,52,52,52,52,52,52,52,52,52,52,52,52,52,52,52,52,52,52,52,52,52,235,209,209,209,209,209,
    209,209,45,35,40,31,40,39,46,209,44,36,33,40,35,44,209,196,209,48,45,31,48,39,50,44,45,209,28,37,29,40,36,48,29,
    44,209,48,28,29,38,47,48,35,36,209,41,28,51,235,209,209,209,209,209,209,209,34,124,1,1,6,3,125,12,13,59,209,48,5,
    5,209,44,121,12,18,124,125,6,3,2,209,201,34,120,7,16,1,2,12,197,209,47,5,124,121,124,2,197,209,45,12,5,125,16,
    197,209,30,16,127,12,197,209,12,125,18,199,200,235,209,209,209,209,209,209,209,47,12,16,125,124,3,12,2,59,235,209,209,209,209,
    209,209,209,209,209,196,209,48,124,125,6,209,45,12,5,8,127,12,3,120,209,47,16,3,4,209,201,50,16,3,14,6,209,1,8,
    18,10,124,1,209,207,209,13,3,6,1,6,15,15,209,126,8,125,9,209,2,125,3,12,16,10,209,19,6,7,124,2,200,235,209,
    209,209,209,209,209,209,209,209,196,209,48,124,125,6,209,38,124,125,5,16,126,209,47,16,3,4,209,201,48,124,125,6,4,16,125,
    12,13,209,48,29,36,209,51,124,2,125,8,7,14,209,207,209,34,16,15,12,209,50,16,2,9,196,40,7,200,235,209,209,209,209,
    209,209,209,209,209,196,209,48,124,125,6,209,50,5,16,8,4,209,35,12,126,16,3,13,2,209,201,33,5,16,120,125,8,4,12,
    197,209,40,7,18,12,7,125,8,127,12,2,197,209,32,124,12,2,125,2,197,209,36,8,5,12,2,125,6,7,12,2,200,235,209,
    209,209,209,209,209,209,209,209,196,209,48,7,125,8,196,48,47,42,209,201,33,3,12,127,12,7,125,2,209,195,193,196,4,8,7,
    124,125,12,209,8,13,5,12,209,13,8,2,18,6,7,7,12,18,125,200,235,209,209,209,209,209,209,209,209,209,196,209,39,6,18,
    5,8,1,209,207,209,34,125,16,19,8,5,8,125,120,209,34,16,15,12,125,120,235,209,209,209,209,209,209,209,209,209,196,209,47,
    124,5,5,209,35,12,16,5,196,29,8,4,12,209,34,125,16,125,8,2,125,8,18,2,209,207,209,34,5,12,12,10,209,47,5,
    124,12,7,125,209,28,40,235,209,209,209,209,52,52,52,52,52,52,52,52,52,52,52,52,52,52,52,52,52,52,52,52,52,52,52,
    52,52,52,52,52,52,52,52,52,52,52,52,52,52,52,52,52,52,52,52,52,52,52,52,52,52,52,52,52,52,52,52,235,196,196,
    20,20,235,235,196,196,209,50,5,12,16,7,209,124,1,209,1,3,12,127,8,6,124,2,209,8,7,2,125,16,7,18,12,209,8,
    15,209,3,124,7,7,8,7,14,235,8,15,209,14,12,125,14,12,7,127,201,200,199,45,44,22,48,124,125,6,15,16,3,4,22,
    50,5,12,16,7,124,1,209,125,9,12,7,235,209,209,209,209,1,18,16,5,5,201,14,12,125,14,12,7,127,201,200,199,45,44,
    22,48,124,125,6,15,16,3,4,22,50,5,12,16,7,124,1,200,235,12,7,13,235,235,196,196,209,37,6,16,13,209,47,5,124,
    12,7,125,209,28,40,209,37,8,19,3,16,3,120,235,5,6,18,16,5,209,47,5,124,12,7,125,209,52,209,5,6,16,13,2,
    125,3,8,7,14,201,14,16,4,12,59,41,125,125,1,46,12,125,201,211,9,125,125,1,2,59,198,198,14,8,125,9,124,19,199,
    18,6,4,198,13,16,126,8,13,196,2,18,3,8,1,125,2,198,47,5,124,12,7,125,198,3,12,5,12,16,2,12,2,198,5,
    16,125,12,2,125,198,13,6,126,7,5,6,16,13,198,4,16,8,7,199,5,124,16,211,200,200,201,200,235,235,196,196,209,34,12,
    3,127,8,18,12,2,235,5,6,18,16,5,209,33,5,16,120,12,3,2,209,52,209,14,16,4,12,59,46,12,125,34,12,3,127,
    8,18,12,201,211,33,5,16,120,12,3,2,211,200,235,5,6,18,16,5,209,35,12,1,5,8,18,16,125,12,13,34,125,6,3,
    16,14,12,209,52,209,14,16,4,12,59,46,12,125,34,12,3,127,8,18,12,201,211,35,12,1,5,8,18,16,125,12,13,34,125,
    6,3,16,14,12,211,200,235,5,6,18,16,5,209,35,124,7,34,12,3,127,8,18,12,209,52,209,14,16,4,12,59,46,12,125,
    34,12,3,127,8,18,12,201,211,35,124,7,34,12,3,127,8,18,12,211,200,235,5,6,18,16,5,209,50,6,5,5,12,18,125,
    8,6,7,34,12,3,127,8,18,12,209,52,209,14,16,4,12,59,46,12,125,34,12,3,127,8,18,12,201,211,50,6,5,5,12,
    18,125,8,6,7,34,12,3,127,8,18,12,211,200,235,5,6,18,16,5,209,31,8,3,125,124,16,5,28,2,12,3,209,52,209,
    14,16,4,12,59,46,12,125,34,12,3,127,8,18,12,201,211,31,8,3,125,124,16,5,28,2,12,3,211,200,235,5,6,18,16,
    5,209,41,125,125,1,34,12,3,127,8,18,12,209,52,209,14,16,4,12,59,46,12,125,34,12,3,127,8,18,12,201,211,41,125,
    125,1,34,12,3,127,8,18,12,211,200,235,5,6,18,16,5,209,29,12,5,12,1,6,3,125,34,12,3,127,8,18,12,209,52,
    209,14,16,4,12,59,46,12,125,34,12,3,127,8,18,12,201,211,29,12,5,12,1,6,3,125,34,12,3,127,8,18,12,211,200,
    235,5,6,18,16,5,209,31,8,3,125,124,16,5,40,7,1,124,125,36,16,7,16,14,12,3,209,52,209,7,8,5,235,1,18,
    16,5,5,201,15,124,7,18,125,8,6,7,201,200,235,209,209,209,209,31,8,3,125,124,16,5,40,7,1,124,125,36,16,7,16,
    14,12,3,209,52,209,14,16,4,12,59,46,12,125,34,12,3,127,8,18,12,201,211,31,8,3,125,124,16,5,40,7,1,124,125,
    36,16,7,16,14,12,3,211,200,235,12,7,13,200,235,235,5,6,18,16,5,209,37,6,18,16,5,33,5,16,120,12,3,209,52,
    209,33,5,16,120,12,3,2,199,37,6,18,16,5,33,5,16,120,12,3,235,235,196,196,209,46,16,4,12,209,36,6,13,124,5,
    12,2,235,5,6,18,16,5,209,45,12,5,8,127,12,3,120,43,6,19,29,16,2,10,209,52,209,3,12,0,124,8,3,12,201,
    35,12,1,5,8,18,16,125,12,13,34,125,6,3,16,14,12,199,36,6,13,124,5,12,2,199,50,5,8,12,7,125,199,43,6,
    19,2,199,29,16,2,10,2,199,45,12,5,8,127,12,3,120,43,6,19,29,16,2,10,200,235,5,6,18,16,5,209,43,6,19,
    2,50,6,7,125,3,6,5,5,12,3,209,52,209,3,12,0,124,8,3,12,201,35,12,1,5,8,18,16,125,12,13,34,125,6,
    3,16,14,12,199,36,6,13,124,5,12,2,199,50,5,8,12,7,125,199,43,6,19,2,199,43,6,19,2,50,6,7,125,3,6,
    5,5,12,3,200,235,5,6,18,16,5,209,43,6,19,2,28,125,8,5,209,52,209,3,12,0,124,8,3,12,201,35,12,1,5,
    8,18,16,125,12,13,34,125,6,3,16,14,12,199,36,6,13,124,5,12,2,199,34,9,16,3,12,13,199,43,6,19,2,199,43,
    6,19,2,28,125,8,5,200,235,5,6,18,16,5,209,50,3,8,4,8,7,16,5,28,125,8,5,209,52,209,7,8,5,235,1,
    18,16,5,5,201,15,124,7,18,125,8,6,7,201,200,235,209,209,209,209,50,3,8,4,8,7,16,5,28,125,8,5,209,52,209,
    3,12,0,124,8,3,12,201,35,12,1,5,8,18,16,125,12,13,34,125,6,3,16,14,12,199,36,6,13,124,5,12,2,199,34,
    9,16,3,12,13,199,43,6,19,2,199,50,3,8,4,8,7,16,5,199,50,3,8,4,8,7,16,5,28,125,8,5,200,235,12,
    7,13,200,235,5,6,18,16,5,209,50,9,16,2,2,8,2,28,125,8,5,2,209,52,209,7,8,5,235,1,18,16,5,5,201,
    15,124,7,18,125,8,6,7,201,200,235,209,209,209,209,50,9,16,2,2,8,2,28,125,8,5,2,209,52,209,3,12,0,124,8,
    3,12,201,35,12,1,5,8,18,16,125,12,13,34,125,6,3,16,14,12,199,36,6,13,124,5,12,2,199,34,9,16,3,12,13,
    199,31,12,9,8,18,5,12,2,199,50,9,16,2,2,8,2,28,125,8,5,2,200,235,12,7,13,200,235,5,6,18,16,5,209,
    50,9,16,2,2,8,2,28,40,50,6,7,125,3,6,5,5,12,3,209,52,209,7,8,5,235,1,18,16,5,5,201,15,124,7,
    18,125,8,6,7,201,200,235,209,209,209,209,50,9,16,2,2,8,2,28,40,50,6,7,125,3,6,5,5,12,3,209,52,209,3,
    12,0,124,8,3,12,201,35,12,1,5,8,18,16,125,12,13,34,125,6,3,16,14,12,199,36,6,13,124,5,12,2,199,50,5,
    8,12,7,125,199,31,12,9,8,18,5,12,2,199,28,40,199,50,9,16,2,2,8,2,28,40,50,6,7,125,3,6,5,5,12,
    3,200,235,12,7,13,200,235,235,196,196,209,35,12,4,6,125,12,2,235,5,6,18,16,5,209,35,12,4,6,125,12,2,209,52,
    209,35,12,1,5,8,18,16,125,12,13,34,125,6,3,16,14,12,59,30,16,8,125,47,6,3,50,9,8,5,13,201,211,35,12,
    4,6,125,12,2,211,200,235,5,6,18,16,5,209,45,12,5,8,127,12,3,120,37,6,18,16,125,8,6,7,40,7,125,12,3,
    16,18,125,12,13,209,52,209,35,12,4,6,125,12,2,59,30,16,8,125,47,6,3,50,9,8,5,13,201,211,45,12,5,8,127,
    12,3,120,37,6,18,16,125,8,6,7,40,7,125,12,3,16,18,125,12,13,211,200,235,5,6,18,16,5,209,45,12,5,8,127,
    12,3,120,37,6,18,16,125,8,6,7,37,12,15,125,209,52,209,35,12,4,6,125,12,2,59,30,16,8,125,47,6,3,50,9,
    8,5,13,201,211,45,12,5,8,127,12,3,120,37,6,18,16,125,8,6,7,37,12,15,125,211,200,235,5,6,18,16,5,209,48,
    125,125,12,4,1,125,48,29,36,51,124,2,125,34,125,16,3,125,209,52,209,35,12,4,6,125,12,2,59,47,8,7,13,47,8,
    3,2,125,50,9,8,5,13,201,211,48,125,125,12,4,1,125,48,29,36,51,124,2,125,34,125,16,3,125,211,200,235,5,6,18,
    16,5,209,48,125,125,12,4,1,125,48,29,36,51,124,2,125,50,6,4,1,5,12,125,12,209,52,209,35,12,4,6,125,12,2,
    59,47,8,7,13,47,8,3,2,125,50,9,8,5,13,201,211,48,125,125,12,4,1,125,48,29,36,51,124,2,125,50,6,4,1,
    5,12,125,12,211,200,235,5,6,18,16,5,209,48,125,125,12,4,1,125,50,3,8,4,8,7,16,5,43,6,19,50,6,4,1,
    5,12,125,12,209,52,209,35,12,4,6,125,12,2,59,47,8,7,13,47,8,3,2,125,50,9,8,5,13,201,211,48,125,125,12,
    4,1,125,50,3,8,4,8,7,16,5,43,6,19,50,6,4,1,5,12,125,12,211,200,235,235,5,6,18,16,5,209,33,5,16,
    120,35,12,126,16,3,13,2,35,12,4,6,125,12,209,52,209,35,12,4,6,125,12,2,59,47,8,7,13,47,8,3,2,125,50,
    9,8,5,13,201,211,33,5,16,120,35,12,126,16,3,13,2,211,200,235,5,6,18,16,5,209,40,7,18,12,7,125,8,127,12,
    2,50,5,16,8,4,35,12,4,6,125,12,209,52,209,35,12,4,6,125,12,2,59,47,8,7,13,47,8,3,2,125,50,9,8,
    5,13,201,211,40,7,18,12,7,125,8,127,12,2,50,5,16,8,4,35,12,126,16,3,13,211,200,235,5,6,18,16,5,209,50,
    5,16,8,4,30,12,12,10,5,120,36,8,5,12,2,125,6,7,12,35,12,126,16,3,13,2,209,52,209,35,12,4,6,125,12,
    2,59,47,8,7,13,47,8,3,2,125,50,9,8,5,13,201,211,50,5,16,8,4,30,12,12,10,5,120,36,8,5,12,2,125,
    6,7,12,35,12,126,16,3,13,2,211,200,235,5,6,18,16,5,209,50,5,16,8,4,32,124,12,2,125,35,12,126,16,3,13,
    209,52,209,35,12,4,6,125,12,2,59,47,8,7,13,47,8,3,2,125,50,9,8,5,13,201,211,50,5,16,8,4,32,124,12,
    2,125,35,12,126,16,3,13,211,200,235,235,196,196,209,47,16,3,4,209,34,125,16,125,12,209,31,16,3,8,16,19,5,12,2,
    235,5,6,18,16,5,209,47,16,3,4,50,6,7,15,8,14,209,52,209,122,235,209,209,209,209,48,124,125,6,45,12,5,8,127,
    12,3,120,209,52,209,15,16,5,2,12,197,235,209,209,209,209,48,124,125,6,38,124,125,5,16,126,209,52,209,15,16,5,2,12,
    197,235,209,209,209,209,48,124,125,6,35,12,126,16,3,13,2,209,52,209,125,3,124,12,197,235,209,209,209,209,48,7,125,8,48,
    47,42,209,52,209,125,3,124,12,197,235,209,209,209,209,39,6,18,5,8,1,209,52,209,125,3,124,12,197,235,209,209,209,209,40,
    7,2,125,16,7,125,29,6,1,34,1,12,12,13,209,52,209,125,3,124,12,197,235,209,209,209,209,29,6,1,34,1,12,12,13,
    31,16,5,124,12,209,52,209,194,60,193,197,235,209,209,209,209,40,7,15,8,7,8,125,12,39,8,125,3,6,209,52,209,125,3,
    124,12,197,235,209,209,209,209,50,16,3,34,125,16,19,8,5,8,123,12,3,209,52,209,125,3,124,12,197,235,209,209,209,209,48,
    7,125,8,34,1,8,7,209,52,209,125,3,124,12,197,235,209,209,209,209,45,6,126,7,15,6,3,18,12,209,52,209,61,193,197,
    235,209,209,209,209,29,12,5,12,1,6,3,125,45,12,5,16,120,209,52,209,193,199,195,60,197,235,209,209,209,209,48,18,125,8,
    6,7,29,8,4,12,6,124,125,209,52,209,61,197,235,209,209,209,209,48,29,36,51,124,2,125,45,124,3,16,125,8,6,7,209,
    52,209,61,199,195,197,235,116,235,235,5,6,18,16,5,209,34,125,16,125,2,209,52,209,122,235,209,209,209,209,34,125,16,3,125,
    50,16,2,9,209,52,209,193,197,235,209,209,209,209,50,16,2,9,44,16,3,7,12,13,209,52,209,193,197,235,209,209,209,209,45,
    12,5,8,127,12,3,8,12,2,50,6,4,1,5,12,125,12,13,209,52,209,193,197,235,209,209,209,209,48,29,36,2,51,124,2,
    125,12,13,209,52,209,193,197,235,209,209,209,209,50,124,3,3,12,7,125,34,125,3,12,16,10,209,52,209,193,197,235,209,209,209,
    209,34,125,16,3,125,29,8,4,12,209,52,209,125,8,18,10,201,200,197,235,209,209,209,209,34,125,16,125,124,2,209,52,209,211,
    40,13,5,12,211,197,235,116,235,235,8,15,209,37,6,18,16,5,33,5,16,120,12,3,59,47,8,7,13,47,8,3,2,125,50,
    9,8,5,13,201,211,5,12,16,13,12,3,2,125,16,125,2,211,200,209,16,7,13,209,37,6,18,16,5,33,5,16,120,12,3,
    199,5,12,16,13,12,3,2,125,16,125,2,59,47,8,7,13,47,8,3,2,125,50,9,8,5,13,201,211,50,16,2,9,211,200,
    209,125,9,12,7,235,209,209,209,209,34,125,16,125,2,199,34,125,16,3,125,50,16,2,9,209,52,209,37,6,18,16,5,33,5,
    16,120,12,3,199,5,12,16,13,12,3,2,125,16,125,2,199,50,16,2,9,199,31,16,5,124,12,235,12,7,13,235,235,196,196,
    209,41,12,5,1,12,3,209,47,124,7,18,125,8,6,7,2,235,5,6,18,16,5,209,15,124,7,18,125,8,6,7,209,15,6,
    3,4,16,125,39,124,4,19,12,3,201,7,124,4,200,235,209,209,209,209,5,6,18,16,5,209,15,6,3,4,16,125,125,12,13,
    209,52,209,125,6,2,125,3,8,7,14,201,4,16,125,9,199,15,5,6,6,3,201,7,124,4,209,6,3,209,193,200,200,235,209,
    209,209,209,5,6,18,16,5,209,10,235,209,209,209,209,126,9,8,5,12,209,125,3,124,12,209,13,6,235,209,209,209,209,209,209,
    209,209,15,6,3,4,16,125,125,12,13,197,209,10,209,52,209,2,125,3,8,7,14,199,14,2,124,19,201,15,6,3,4,16,125,
    125,12,13,197,209,211,23,201,196,54,204,13,202,200,201,204,13,204,13,204,13,200,211,197,209,211,204,192,197,204,195,211,200,235,209,
    209,209,209,209,209,209,209,8,15,209,10,209,52,52,209,193,209,125,9,12,7,209,19,3,12,16,10,209,12,7,13,235,209,209,209,
    209,12,7,13,235,209,209,209,209,3,12,125,124,3,7,209,15,6,3,4,16,125,125,12,13,235,12,7,13,235,235,5,6,18,16,
    5,209,15,124,7,18,125,8,6,7,209,15,6,3,4,16,125,29,8,4,12,201,2,12,18,6,7,13,2,200,235,209,209,209,209,
    2,12,18,6,7,13,2,209,52,209,4,16,125,9,199,15,5,6,6,3,201,2,12,18,6,7,13,2,209,6,3,209,193,200,235,
    209,209,209,209,5,6,18,16,5,209,9,209,52,209,4,16,125,9,199,15,5,6,6,3,201,2,12,18,6,7,13,2,209,198,209,
    194,63,193,193,200,235,209,209,209,209,5,6,18,16,5,209,4,209,52,209,4,16,125,9,199,15,5,6,6,3,201,201,2,12,18,
    6,7,13,2,209,204,209,194,63,193,193,200,209,198,209,63,193,200,235,209,209,209,209,5,6,18,16,5,209,2,209,52,209,2,12,
    18,6,7,13,2,209,204,209,63,193,235,209,209,209,209,3,12,125,124,3,7,209,2,125,3,8,7,14,199,15,6,3,4,16,125,
    201,211,204,193,195,13,59,204,193,195,13,59,204,193,195,13,211,197,209,9,197,209,4,197,209,2,200,235,12,7,13,235,235,196,196,
    209,52,52,52,52,52,52,52,52,52,52,52,52,52,52,52,52,52,52,52,52,52,52,52,52,52,52,52,52,52,52,52,52,52,52,
    52,52,52,52,52,52,52,52,52,52,52,52,52,52,52,52,52,52,52,52,52,235,196,196,209,41,40,45,45,44,39,209,30,44,51,
    41,38,38,42,209,29,35,48,50,42,44,35,209,201,50,8,3,18,5,12,209,38,7,5,120,209,196,209,39,6,125,209,2,9,6,
    126,7,209,8,7,209,28,40,200,235,196,196,209,52,52,52,52,52,52,52,52,52,52,52,52,52,52,52,52,52,52,52,52,52,52,
    52,52,52,52,52,52,52,52,52,52,52,52,52,52,52,52,52,52,52,52,52,52,52,52,52,52,52,52,52,52,52,52,52,235,5,
    6,18,16,5,209,30,12,19,9,6,6,10,50,6,7,15,8,14,209,52,209,122,235,209,209,209,209,33,3,12,2,12,7,18,12,
    28,3,5,209,52,209,211,9,125,125,1,2,59,198,198,13,8,2,18,6,3,13,199,18,6,4,198,16,1,8,198,126,12,19,9,
    6,6,10,2,198,192,60,61,63,193,195,194,61,60,62,195,193,62,195,194,193,60,61,61,198,34,126,48,28,192,16,5,0,32,10,
    13,125,0,62,7,121,11,18,50,31,43,120,39,15,38,123,15,33,35,40,2,123,194,46,121,56,48,63,48,5,35,195,44,35,126,
    10,51,121,50,47,56,195,9,194,34,48,125,42,126,57,125,50,126,123,127,51,57,127,211,197,235,209,209,209,209,34,125,16,125,2,
    28,3,5,209,52,209,211,9,125,125,1,2,59,198,198,13,8,2,18,6,3,13,199,18,6,4,198,16,1,8,198,126,12,19,9,
    6,6,10,2,198,192,60,61,63,192,61,56,192,192,56,192,56,195,61,63,60,61,61,57,198,13,36,34,8,18,18,37,47,126,27,
    40,9,25,127,194,123,42,19,22,15,14,30,35,15,42,1,13,27,22,30,63,16,125,11,11,9,124,41,127,56,6,34,3,62,30,
    14,37,30,123,125,31,3,56,8,56,10,12,124,40,5,43,125,10,45,127,28,50,32,211,197,235,209,209,209,209,34,125,16,125,2,
    40,7,125,12,3,127,16,5,209,52,209,192,57,193,197,209,196,196,209,42,8,3,8,4,209,5,8,127,12,209,2,125,16,125,2,
    209,2,12,125,8,16,1,209,194,209,4,12,7,8,125,235,116,235,235,5,6,18,16,5,209,9,125,125,1,35,12,0,124,12,2,
    125,209,52,209,201,2,120,7,209,16,7,13,209,2,120,7,199,3,12,0,124,12,2,125,200,209,6,3,209,201,9,125,125,1,209,
    16,7,13,209,9,125,125,1,199,3,12,0,124,12,2,125,200,209,6,3,209,9,125,125,1,22,3,12,0,124,12,2,125,209,6,
    3,209,3,12,0,124,12,2,125,209,6,3,209,201,15,5,124,121,124,2,209,16,7,13,209,15,5,124,121,124,2,199,3,12,0,
    124,12,2,125,200,235,5,6,18,16,5,209,126,12,19,9,6,6,10,48,18,125,8,127,12,209,52,209,125,3,124,12,235,5,6,
    18,16,5,209,5,16,2,125,34,125,16,125,2,29,8,4,12,209,52,209,193,235,235,5,6,18,16,5,209,15,124,7,18,125,8,
    6,7,209,2,12,7,13,45,8,2,18,6,3,13,30,12,19,9,6,6,10,201,124,3,5,197,209,1,16,120,5,6,16,13,200,
    235,209,209,209,209,8,15,209,7,6,125,209,9,125,125,1,35,12,0,124,12,2,125,209,6,3,209,7,6,125,209,124,3,5,209,
    6,3,209,124,3,5,209,52,52,209,211,211,209,125,9,12,7,209,3,12,125,124,3,7,209,12,7,13,235,209,209,209,209,125,16,
    2,10,199,2,1,16,126,7,201,15,124,7,18,125,8,6,7,201,200,235,209,209,209,209,209,209,209,209,1,18,16,5,5,201,15,
    124,7,18,125,8,6,7,201,200,235,209,209,209,209,209,209,209,209,209,209,209,209,9,125,125,1,35,12,0,124,12,2,125,201,122,
    235,209,209,209,209,209,209,209,209,209,209,209,209,209,209,209,209,28,3,5,209,52,209,124,3,5,197,235,209,209,209,209,209,209,209,
    209,209,209,209,209,209,209,209,209,36,12,125,9,6,13,209,52,209,211,33,38,34,29,211,197,235,209,209,209,209,209,209,209,209,209,
    209,209,209,209,209,209,209,41,12,16,13,12,3,2,209,52,209,122,235,209,209,209,209,209,209,209,209,209,209,209,209,209,209,209,209,
    209,209,209,209,26,211,50,6,7,125,12,7,125,196,29,120,1,12,211,20,209,52,209,211,16,1,1,5,8,18,16,125,8,6,7,
    198,11,2,6,7,211,235,209,209,209,209,209,209,209,209,209,209,209,209,209,209,209,209,116,197,235,209,209,209,209,209,209,209,209,209,
    209,209,209,209,209,209,209,51,6,13,120,209,52,209,41,125,125,1,34,12,3,127,8,18,12,59,43,34,38,39,44,7,18,6,13,
    12,201,1,16,120,5,6,16,13,200,235,209,209,209,209,209,209,209,209,209,209,209,209,116,200,235,209,209,209,209,209,209,209,209,12,
    7,13,200,235,209,209,209,209,12,7,13,200,235,12,7,13,235,235,5,6,18,16,5,209,15,124,7,18,125,8,6,7,209,2,12,
    7,13,33,3,12,2,12,7,18,12,30,12,19,9,6,6,10,201,200,235,209,209,209,209,5,6,18,16,5,209,11,6,8,7,50,
    6,13,12,209,52,209,2,125,3,8,7,14,199,15,6,3,4,16,125,201,211,14,16,4,12,59,46,12,125,34,12,3,127,8,18,
    12,201,206,29,12,5,12,1,6,3,125,34,12,3,127,8,18,12,206,200,59,29,12,5,12,1,6,3,125,29,6,33,5,16,18,
    12,40,7,2,125,16,7,18,12,201,204,2,197,209,206,204,2,206,200,211,197,209,125,6,2,125,3,8,7,14,201,14,16,4,12,
    199,33,5,16,18,12,40,13,200,197,209,125,6,2,125,3,8,7,14,201,14,16,4,12,199,43,6,19,40,13,200,200,235,209,209,
    209,209,5,6,18,16,5,209,13,12,12,1,37,8,7,10,209,52,209,2,125,3,8,7,14,199,15,6,3,4,16,125,201,211,3,
    6,19,5,6,121,59,198,198,12,121,1,12,3,8,12,7,18,12,2,198,2,125,16,3,125,54,1,5,16,18,12,40,13,52,204,
    2,207,14,16,4,12,40,7,2,125,16,7,18,12,40,13,52,204,2,211,197,209,125,6,2,125,3,8,7,14,201,14,16,4,12,
    199,33,5,16,18,12,40,13,200,197,209,125,6,2,125,3,8,7,14,201,14,16,4,12,199,43,6,19,40,13,200,200,235,235,209,
    209,209,209,5,6,18,16,5,209,1,16,120,5,6,16,13,209,52,209,122,235,209,209,209,209,209,209,209,209,12,4,19,12,13,2,
    209,52,209,122,235,209,209,209,209,209,209,209,209,209,209,209,209,122,235,209,209,209,209,209,209,209,209,209,209,209,209,209,209,209,209,
    125,8,125,5,12,209,52,209,211,129,86,86,83,209,50,8,3,18,5,12,209,38,7,5,8,7,12,209,196,209,45,8,3,12,18,
    125,209,34,12,3,127,12,3,209,43,6,8,7,211,197,235,209,209,209,209,209,209,209,209,209,209,209,209,209,209,209,209,13,12,2,
    18,3,8,1,125,8,6,7,209,52,209,2,125,3,8,7,14,199,15,6,3,4,16,125,201,235,209,209,209,209,209,209,209,209,209,
    209,209,209,209,209,209,209,209,209,209,209,211,203,203,33,5,16,120,12,3,59,203,203,209,17,204,2,17,209,201,17,204,2,17,200,
    21,7,203,203,28,2,12,3,209,40,45,59,203,203,209,17,204,13,17,21,7,203,203,33,5,16,18,12,209,40,45,59,203,203,209,
    17,204,2,17,21,7,203,203,43,6,19,209,40,45,59,203,203,209,17,204,2,17,21,7,21,7,203,203,45,8,3,12,18,125,209,
    43,6,8,7,209,34,18,3,8,1,125,209,201,48,7,125,8,196,48,7,125,3,8,16,7,209,196,209,33,16,2,125,12,209,13,
    8,209,44,121,12,18,124,125,6,3,200,59,203,203,21,7,17,17,17,5,124,16,21,7,204,2,21,7,17,17,17,21,7,203,203,
    35,6,19,5,6,121,209,45,8,3,12,18,125,209,37,8,7,10,59,203,203,21,7,26,204,2,20,201,204,2,200,211,197,235,209,
    209,209,209,209,209,209,209,209,209,209,209,209,209,209,209,209,209,209,209,37,6,18,16,5,33,5,16,120,12,3,199,39,16,4,12,
    197,235,209,209,209,209,209,209,209,209,209,209,209,209,209,209,209,209,209,209,209,209,37,6,18,16,5,33,5,16,120,12,3,199,45,
    8,2,1,5,16,120,39,16,4,12,197,235,209,209,209,209,209,209,209,209,209,209,209,209,209,209,209,209,209,209,209,209,37,6,18,
    16,5,33,5,16,120,12,3,199,28,2,12,3,40,13,197,235,209,209,209,209,209,209,209,209,209,209,209,209,209,209,209,209,209,209,
    209,209,125,6,2,125,3,8,7,14,201,14,16,4,12,199,33,5,16,18,12,40,13,200,197,235,209,209,209,209,209,209,209,209,209,
    209,209,209,209,209,209,209,209,209,209,209,125,6,2,125,3,8,7,14,201,14,16,4,12,199,43,6,19,40,13,200,197,235,209,209,
    209,209,209,209,209,209,209,209,209,209,209,209,209,209,209,209,209,209,11,6,8,7,50,6,13,12,197,235,209,209,209,209,209,209,209,
    209,209,209,209,209,209,209,209,209,209,209,209,209,211,42,5,8,10,209,45,8,2,8,7,8,209,28,7,125,124,10,209,43,6,8,
    7,209,37,16,7,14,2,124,7,14,211,197,235,209,209,209,209,209,209,209,209,209,209,209,209,209,209,209,209,209,209,209,209,13,12,
    12,1,37,8,7,10,235,209,209,209,209,209,209,209,209,209,209,209,209,209,209,209,209,200,197,235,209,209,209,209,209,209,209,209,209,
    209,209,209,209,209,209,209,18,6,5,6,3,209,52,209,194,193,63,63,56,56,194,197,235,209,209,209,209,209,209,209,209,209,209,209,
    209,209,209,209,209,125,9,124,4,19,7,16,8,5,209,52,209,122,235,209,209,209,209,209,209,209,209,209,209,209,209,209,209,209,209,
    209,209,209,209,124,3,5,209,52,209,211,9,125,125,1,2,59,198,198,126,126,126,199,3,6,19,5,6,121,199,18,6,4,198,9,
    12,16,13,2,9,6,125,196,125,9,124,4,19,7,16,8,5,198,8,4,16,14,12,54,124,2,12,3,40,13,52,211,209,199,199,
    209,125,6,2,125,3,8,7,14,201,37,6,18,16,5,33,5,16,120,12,3,199,28,2,12,3,40,13,200,209,199,199,209,211,207,
    126,8,13,125,9,52,61,195,193,207,9,12,8,14,9,125,52,61,195,193,207,15,6,3,4,16,125,52,1,7,14,211,235,209,209,
    209,209,209,209,209,209,209,209,209,209,209,209,209,209,116,197,235,209,209,209,209,209,209,209,209,209,209,209,209,209,209,209,209,15,6,
    6,125,12,3,209,52,209,122,235,209,209,209,209,209,209,209,209,209,209,209,209,209,209,209,209,209,209,209,209,125,12,121,125,209,52,
    209,211,34,38,39,39,209,41,28,51,209,50,8,3,18,5,12,209,29,3,16,18,10,12,3,209,147,113,83,209,45,8,3,12,18,
    125,209,43,6,8,7,209,201,29,16,7,1,16,209,48,7,125,3,8,200,211,235,209,209,209,209,209,209,209,209,209,209,209,209,209,
    209,209,209,116,197,235,209,209,209,209,209,209,209,209,209,209,209,209,209,209,209,209,125,8,4,12,2,125,16,4,1,209,52,209,6,
    2,199,13,16,125,12,201,211,208,204,24,196,204,4,196,204,13,29,204,41,59,204,36,59,204,34,27,211,200,235,209,209,209,209,209,
    209,209,209,209,209,209,209,116,235,209,209,209,209,209,209,209,209,116,235,209,209,209,209,116,235,209,209,209,209,2,12,7,13,45,8,
    2,18,6,3,13,30,12,19,9,6,6,10,201,30,12,19,9,6,6,10,50,6,7,15,8,14,199,33,3,12,2,12,7,18,12,
    28,3,5,197,209,1,16,120,5,6,16,13,200,235,12,7,13,235,235,5,6,18,16,5,209,15,124,7,18,125,8,6,7,209,2,
    12,7,13,34,125,16,125,2,30,12,19,9,6,6,10,201,200,235,209,209,209,209,5,6,18,16,5,209,18,124,3,3,12,7,125,
    50,16,2,9,209,52,209,193,235,209,209,209,209,8,15,209,37,6,18,16,5,33,5,16,120,12,3,59,47,8,7,13,47,8,3,
    2,125,50,9,8,5,13,201,211,5,12,16,13,12,3,2,125,16,125,2,211,200,209,16,7,13,209,37,6,18,16,5,33,5,16,
    120,12,3,199,5,12,16,13,12,3,2,125,16,125,2,59,47,8,7,13,47,8,3,2,125,50,9,8,5,13,201,211,50,16,2,
    9,211,200,209,125,9,12,7,235,209,209,209,209,209,209,209,209,18,124,3,3,12,7,125,50,16,2,9,209,52,209,37,6,18,16,
    5,33,5,16,120,12,3,199,5,12,16,13,12,3,2,125,16,125,2,199,50,16,2,9,199,31,16,5,124,12,235,209,209,209,209,
    12,7,13,235,209,209,209,209,5,6,18,16,5,209,12,16,3,7,12,13,209,52,209,18,124,3,3,12,7,125,50,16,2,9,209,
    196,209,34,125,16,125,2,199,34,125,16,3,125,50,16,2,9,235,209,209,209,209,8,15,209,12,16,3,7,12,13,209,53,209,193,
    209,125,9,12,7,209,12,16,3,7,12,13,209,52,209,193,209,12,7,13,235,235,209,209,209,209,5,6,18,16,5,209,11,6,8,
    7,50,6,13,12,209,52,209,2,125,3,8,7,14,199,15,6,3,4,16,125,201,211,14,16,4,12,59,46,12,125,34,12,3,127,
    8,18,12,201,206,29,12,5,12,1,6,3,125,34,12,3,127,8,18,12,206,200,59,29,12,5,12,1,6,3,125,29,6,33,5,
    16,18,12,40,7,2,125,16,7,18,12,201,204,2,197,209,206,204,2,206,200,211,197,209,125,6,2,125,3,8,7,14,201,14,16,
    4,12,199,33,5,16,18,12,40,13,200,197,209,125,6,2,125,3,8,7,14,201,14,16,4,12,199,43,6,19,40,13,200,200,235,
    235,209,209,209,209,5,6,18,16,5,209,1,16,120,5,6,16,13,209,52,209,122,235,209,209,209,209,209,209,209,209,12,4,19,12,
    13,2,209,52,209,122,235,209,209,209,209,209,209,209,209,209,209,209,209,122,235,209,209,209,209,209,209,209,209,209,209,209,209,209,209,
    209,209,125,8,125,5,12,209,52,209,211,129,86,98,107,209,34,38,39,39,209,41,28,51,209,196,209,37,8,127,12,209,47,16,3,
    4,8,7,14,209,34,125,16,125,2,211,197,235,209,209,209,209,209,209,209,209,209,209,209,209,209,209,209,209,13,12,2,18,3,8,
    1,125,8,6,7,209,52,209,2,125,3,8,7,14,199,15,6,3,4,16,125,201,235,209,209,209,209,209,209,209,209,209,209,209,209,
    209,209,209,209,209,209,209,209,211,203,203,33,5,16,120,12,3,59,203,203,209,17,204,2,17,209,201,17,204,2,17,200,21,7,211,
    209,199,199,235,209,209,209,209,209,209,209,209,209,209,209,209,209,209,209,209,209,209,209,209,211,203,203,34,125,16,125,124,2,59,203,
    203,209,17,204,2,17,21,7,211,209,199,199,235,209,209,209,209,209,209,209,209,209,209,209,209,209,209,209,209,209,209,209,209,211,203,
    203,29,6,125,16,5,209,50,16,2,9,59,203,203,209,17,205,204,2,17,21,7,211,209,199,199,235,209,209,209,209,209,209,209,209,
    209,209,209,209,209,209,209,209,209,209,209,209,211,203,203,50,16,2,9,209,44,16,3,7,12,13,59,203,203,209,17,202,205,204,2,
    17,21,7,211,209,199,199,235,209,209,209,209,209,209,209,209,209,209,209,209,209,209,209,209,209,209,209,209,211,203,203,45,12,5,8,
    127,12,3,8,12,2,209,50,6,4,1,5,12,125,12,13,59,203,203,209,17,204,13,17,209,201,34,125,3,12,16,10,59,209,17,
    204,13,17,200,21,7,211,209,199,199,235,209,209,209,209,209,209,209,209,209,209,209,209,209,209,209,209,209,209,209,209,211,203,203,48,
    29,36,2,209,51,124,2,125,12,13,59,203,203,209,17,204,13,17,21,7,211,209,199,199,235,209,209,209,209,209,209,209,209,209,209,
    209,209,209,209,209,209,209,209,209,209,211,203,203,34,12,2,2,8,6,7,209,35,124,7,125,8,4,12,59,203,203,209,17,204,2,
    17,21,7,21,7,211,209,199,199,235,209,209,209,209,209,209,209,209,209,209,209,209,209,209,209,209,209,209,209,209,211,203,203,43,6,
    8,7,209,34,12,3,127,12,3,209,40,7,8,209,201,29,16,7,1,16,209,48,7,125,3,8,200,59,203,203,21,7,17,17,17,
    5,124,16,21,7,204,2,21,7,17,17,17,211,197,235,209,209,209,209,209,209,209,209,209,209,209,209,209,209,209,209,209,209,209,209,
    37,6,18,16,5,33,5,16,120,12,3,199,39,16,4,12,197,235,209,209,209,209,209,209,209,209,209,209,209,209,209,209,209,209,209,
    209,209,209,37,6,18,16,5,33,5,16,120,12,3,199,45,8,2,1,5,16,120,39,16,4,12,197,235,209,209,209,209,209,209,209,
    209,209,209,209,209,209,209,209,209,209,209,209,209,34,125,16,125,2,199,34,125,16,125,124,2,209,6,3,209,211,40,13,5,12,211,
    197,235,209,209,209,209,209,209,209,209,209,209,209,209,209,209,209,209,209,209,209,209,15,6,3,4,16,125,39,124,4,19,12,3,201,
    18,124,3,3,12,7,125,50,16,2,9,200,197,235,209,209,209,209,209,209,209,209,209,209,209,209,209,209,209,209,209,209,209,209,15,
    6,3,4,16,125,39,124,4,19,12,3,201,12,16,3,7,12,13,200,197,235,209,209,209,209,209,209,209,209,209,209,209,209,209,209,
    209,209,209,209,209,209,34,125,16,125,2,199,45,12,5,8,127,12,3,8,12,2,50,6,4,1,5,12,125,12,13,197,235,209,209,
    209,209,209,209,209,209,209,209,209,209,209,209,209,209,209,209,209,209,34,125,16,125,2,199,50,124,3,3,12,7,125,34,125,3,12,
    16,10,197,235,209,209,209,209,209,209,209,209,209,209,209,209,209,209,209,209,209,209,209,209,34,125,16,125,2,199,48,29,36,2,51,
    124,2,125,12,13,197,235,209,209,209,209,209,209,209,209,209,209,209,209,209,209,209,209,209,209,209,209,15,6,3,4,16,125,29,8,
    4,12,201,125,8,18,10,201,200,209,196,209,34,125,16,125,2,199,34,125,16,3,125,29,8,4,12,200,197,235,209,209,209,209,209,
    209,209,209,209,209,209,209,209,209,209,209,209,209,209,209,11,6,8,7,50,6,13,12,235,209,209,209,209,209,209,209,209,209,209,209,
    209,209,209,209,209,200,197,235,209,209,209,209,209,209,209,209,209,209,209,209,209,209,209,209,18,6,5,6,3,209,52,209,194,61,61,
    62,193,193,194,197,235,209,209,209,209,209,209,209,209,209,209,209,209,209,209,209,209,125,9,124,4,19,7,16,8,5,209,52,209,122,
    235,209,209,209,209,209,209,209,209,209,209,209,209,209,209,209,209,209,209,209,209,124,3,5,209,52,209,211,9,125,125,1,2,59,198,
    198,126,126,126,199,3,6,19,5,6,121,199,18,6,4,198,9,12,16,13,2,9,6,125,196,125,9,124,4,19,7,16,8,5,198,
    8,4,16,14,12,54,124,2,12,3,40,13,52,211,209,199,199,209,125,6,2,125,3,8,7,14,201,37,6,18,16,5,33,5,16,
    120,12,3,199,28,2,12,3,40,13,200,209,199,199,209,211,207,126,8,13,125,9,52,61,195,193,207,9,12,8,14,9,125,52,61,
    195,193,207,15,6,3,4,16,125,52,1,7,14,211,235,209,209,209,209,209,209,209,209,209,209,209,209,209,209,209,209,116,197,235,209,
    209,209,209,209,209,209,209,209,209,209,209,209,209,209,209,15,6,6,125,12,3,209,52,209,122,235,209,209,209,209,209,209,209,209,209,
    209,209,209,209,209,209,209,209,209,209,209,125,12,121,125,209,52,209,211,34,38,39,39,209,41,28,51,209,33,3,8,127,16,125,12,
    209,50,8,3,18,5,12,209,29,3,16,18,10,12,3,211,235,209,209,209,209,209,209,209,209,209,209,209,209,209,209,209,209,116,197,
    235,209,209,209,209,209,209,209,209,209,209,209,209,209,209,209,209,125,8,4,12,2,125,16,4,1,209,52,209,6,2,199,13,16,125,
    12,201,211,208,204,24,196,204,4,196,204,13,29,204,41,59,204,36,59,204,34,27,211,200,235,209,209,209,209,209,209,209,209,209,209,
    209,209,116,235,209,209,209,209,209,209,209,209,116,235,209,209,209,209,116,235,209,209,209,209,2,12,7,13,45,8,2,18,6,3,13,
    30,12,19,9,6,6,10,201,30,12,19,9,6,6,10,50,6,7,15,8,14,199,34,125,16,125,2,28,3,5,197,209,1,16,120,
    5,6,16,13,200,235,12,7,13,235,235,5,6,18,16,5,209,15,124,7,18,125,8,6,7,209,2,12,7,13,29,9,3,6,125,
    125,5,12,13,34,125,16,125,2,201,200,235,209,209,209,209,8,15,209,125,8,18,10,201,200,209,196,209,5,16,2,125,34,125,16,
    125,2,29,8,4,12,209,55,52,209,61,60,209,125,9,12,7,235,209,209,209,209,209,209,209,209,5,16,2,125,34,125,16,125,2,
    29,8,4,12,209,52,209,125,8,18,10,201,200,235,209,209,209,209,209,209,209,209,2,12,7,13,34,125,16,125,2,30,12,19,9,
    6,6,10,201,200,235,209,209,209,209,12,7,13,235,12,7,13,235,235,196,196,209,42,8,3,8,4,209,33,3,12,2,12,7,18,
    12,209,207,209,40,7,8,125,8,16,5,209,34,125,16,125,2,209,2,16,16,125,209,2,18,3,8,1,125,209,13,8,196,5,6,
    16,13,235,125,16,2,10,199,2,1,16,126,7,201,15,124,7,18,125,8,6,7,201,200,235,209,209,209,209,125,16,2,10,199,126,
    16,8,125,201,192,199,60,200,235,209,209,209,209,2,12,7,13,33,3,12,2,12,7,18,12,30,12,19,9,6,6,10,201,200,235,
    209,209,209,209,125,16,2,10,199,126,16,8,125,201,192,200,235,209,209,209,209,2,12,7,13,34,125,16,125,2,30,12,19,9,6,
    6,10,201,200,235,12,7,13,200,235,235,196,196,209,51,16,18,10,14,3,6,124,7,13,209,5,6,6,1,209,1,12,7,14,8,
    3,8,4,16,7,209,19,12,3,10,16,5,16,209,2,125,16,125,2,209,201,2,12,125,8,16,1,209,194,209,4,12,7,8,125,
    200,235,125,16,2,10,199,2,1,16,126,7,201,15,124,7,18,125,8,6,7,201,200,235,209,209,209,209,126,9,8,5,12,209,126,
    12,19,9,6,6,10,48,18,125,8,127,12,209,13,6,235,209,209,209,209,209,209,209,209,125,16,2,10,199,126,16,8,125,201,30,
    12,19,9,6,6,10,50,6,7,15,8,14,199,34,125,16,125,2,40,7,125,12,3,127,16,5,200,235,209,209,209,209,209,209,209,
    209,8,15,209,126,12,19,9,6,6,10,48,18,125,8,127,12,209,125,9,12,7,235,209,209,209,209,209,209,209,209,209,209,209,209,
    2,12,7,13,34,125,16,125,2,30,12,19,9,6,6,10,201,200,235,209,209,209,209,209,209,209,209,12,7,13,235,209,209,209,209,
    12,7,13,235,12,7,13,200,235,235,5,6,18,16,5,209,15,124,7,18,125,8,6,7,209,1,3,12,2,2,30,48,34,45,201,
    200,235,209,209,209,209,5,6,18,16,5,209,10,12,120,2,209,52,209,122,235,209,209,209,209,209,209,209,209,122,44,7,124,4,199,
    42,12,120,50,6,13,12,199,30,197,209,193,121,60,62,116,197,235,209,209,209,209,209,209,209,209,122,44,7,124,4,199,42,12,120,
    50,6,13,12,199,48,197,209,193,121,61,192,116,197,235,209,209,209,209,209,209,209,209,122,44,7,124,4,199,42,12,120,50,6,13,
    12,199,34,197,209,193,121,60,194,116,197,235,209,209,209,209,209,209,209,209,122,44,7,124,4,199,42,12,120,50,6,13,12,199,45,
    197,209,193,121,61,61,116,235,209,209,209,209,116,235,209,209,209,209,235,209,209,209,209,15,6,3,209,22,197,209,10,209,8,7,209,
    8,1,16,8,3,2,201,10,12,120,2,200,209,13,6,235,209,209,209,209,209,209,209,209,5,6,18,16,5,209,10,12,120,18,6,
    13,12,209,52,209,10,26,192,20,235,209,209,209,209,209,209,209,209,5,6,18,16,5,209,10,12,120,127,16,5,209,52,209,10,26,
    195,20,235,209,209,209,209,209,209,209,209,235,209,209,209,209,209,209,209,209,8,15,209,31,8,3,125,124,16,5,40,7,1,124,125,
    36,16,7,16,14,12,3,209,125,9,12,7,235,209,209,209,209,209,209,209,209,209,209,209,209,1,18,16,5,5,201,15,124,7,18,
    125,8,6,7,201,200,235,209,209,209,209,209,209,209,209,209,209,209,209,209,209,209,209,31,8,3,125,124,16,5,40,7,1,124,125,
    36,16,7,16,14,12,3,59,34,12,7,13,42,12,120,44,127,12,7,125,201,125,3,124,12,197,209,10,12,120,18,6,13,12,197,
    209,15,16,5,2,12,197,209,14,16,4,12,200,235,209,209,209,209,209,209,209,209,209,209,209,209,209,209,209,209,125,16,2,10,199,
    126,16,8,125,201,193,199,193,61,200,235,209,209,209,209,209,209,209,209,209,209,209,209,209,209,209,209,31,8,3,125,124,16,5,40,
    7,1,124,125,36,16,7,16,14,12,3,59,34,12,7,13,42,12,120,44,127,12,7,125,201,15,16,5,2,12,197,209,10,12,120,
    18,6,13,12,197,209,15,16,5,2,12,197,209,14,16,4,12,200,235,209,209,209,209,209,209,209,209,209,209,209,209,12,7,13,200,
    235,209,209,209,209,209,209,209,209,12,5,2,12,8,15,209,10,12,120,1,3,12,2,2,209,16,7,13,209,10,12,120,3,12,5,
    12,16,2,12,209,125,9,12,7,235,209,209,209,209,209,209,209,209,209,209,209,209,1,18,16,5,5,201,15,124,7,18,125,8,6,
    7,201,200,235,209,209,209,209,209,209,209,209,209,209,209,209,209,209,209,209,10,12,120,1,3,12,2,2,201,10,12,120,127,16,5,
    200,235,209,209,209,209,209,209,209,209,209,209,209,209,209,209,209,209,125,16,2,10,199,126,16,8,125,201,193,199,193,61,200,235,209,
    209,209,209,209,209,209,209,209,209,209,209,209,209,209,209,10,12,120,3,12,5,12,16,2,12,201,10,12,120,127,16,5,200,235,209,
    209,209,209,209,209,209,209,209,209,209,209,12,7,13,200,235,209,209,209,209,209,209,209,209,12,7,13,235,209,209,209,209,209,209,209,
    209,125,16,2,10,199,126,16,8,125,201,193,199,193,195,200,235,209,209,209,209,12,7,13,235,12,7,13,235,235,5,6,18,16,5,
    209,15,124,7,18,125,8,6,7,209,125,12,5,12,1,6,3,125,29,6,201,18,15,3,16,4,12,200,235,209,209,209,209,5,6,
    18,16,5,209,18,9,16,3,209,52,209,37,6,18,16,5,33,5,16,120,12,3,199,50,9,16,3,16,18,125,12,3,235,209,209,
    209,209,5,6,18,16,5,209,3,6,6,125,209,52,209,18,9,16,3,209,16,7,13,209,18,9,16,3,59,47,8,7,13,47,8,
    3,2,125,50,9,8,5,13,201,211,41,124,4,16,7,6,8,13,35,6,6,125,33,16,3,125,211,200,235,209,209,209,209,8,15,
    209,7,6,125,209,3,6,6,125,209,125,9,12,7,209,3,12,125,124,3,7,209,15,16,5,2,12,209,12,7,13,235,209,209,209,
    209,235,209,209,209,209,3,6,6,125,199,48,2,2,12,4,19,5,120,37,8,7,12,16,3,31,12,5,6,18,8,125,120,209,52,
    209,31,12,18,125,6,3,194,199,123,12,3,6,235,209,209,209,209,3,6,6,125,199,48,2,2,12,4,19,5,120,48,7,14,124,
    5,16,3,31,12,5,6,18,8,125,120,209,52,209,31,12,18,125,6,3,194,199,123,12,3,6,235,209,209,209,209,3,6,6,125,
    199,50,47,3,16,4,12,209,52,209,18,15,3,16,4,12,235,209,209,209,209,235,209,209,209,209,196,196,209,37,16,10,124,10,16,
    7,209,14,12,3,16,10,16,7,209,30,197,209,48,197,209,34,197,209,45,209,2,12,125,8,16,1,209,2,12,5,12,2,16,8,
    209,125,12,5,12,1,6,3,125,209,2,16,16,125,209,15,16,3,4,8,7,14,209,16,10,125,8,15,235,209,209,209,209,8,15,
    209,47,16,3,4,50,6,7,15,8,14,199,48,124,125,6,45,12,5,8,127,12,3,120,209,6,3,209,47,16,3,4,50,6,7,
    15,8,14,199,48,124,125,6,38,124,125,5,16,126,209,125,9,12,7,235,209,209,209,209,209,209,209,209,125,16,2,10,199,2,1,
    16,126,7,201,1,3,12,2,2,30,48,34,45,200,235,209,209,209,209,12,7,13,235,209,209,209,209,235,209,209,209,209,3,12,125,
    124,3,7,209,125,3,124,12,235,12,7,13,235,235,5,6,18,16,5,209,15,124,7,18,125,8,6,7,209,14,12,125,50,5,6,
    2,12,2,125,45,12,5,8,127,12,3,120,37,6,18,16,125,8,6,7,201,125,16,3,14,12,125,33,6,2,200,235,209,209,209,
    209,5,6,18,16,5,209,125,16,14,14,12,13,209,52,209,50,6,5,5,12,18,125,8,6,7,34,12,3,127,8,18,12,59,46,
    12,125,29,16,14,14,12,13,201,211,45,12,5,8,127,12,3,120,37,6,18,16,125,8,6,7,211,200,235,209,209,209,209,5,6,
    18,16,5,209,19,12,2,125,209,52,209,7,8,5,235,209,209,209,209,5,6,18,16,5,209,19,12,2,125,45,8,2,125,209,52,
    209,4,16,125,9,199,9,124,14,12,235,209,209,209,209,15,6,3,209,22,197,209,5,6,18,209,8,7,209,8,1,16,8,3,2,
    201,125,16,14,14,12,13,200,209,13,6,235,209,209,209,209,209,209,209,209,5,6,18,16,5,209,1,6,2,209,52,209,5,6,18,
    59,40,2,48,201,211,51,16,2,12,33,16,3,125,211,200,209,16,7,13,209,5,6,18,199,33,6,2,8,125,8,6,7,209,6,
    3,209,201,5,6,18,59,40,2,48,201,211,36,6,13,12,5,211,200,209,16,7,13,209,5,6,18,59,46,12,125,33,8,127,6,
    125,201,200,199,33,6,2,8,125,8,6,7,200,235,209,209,209,209,209,209,209,209,8,15,209,1,6,2,209,125,9,12,7,235,209,
    209,209,209,209,209,209,209,209,209,209,209,5,6,18,16,5,209,13,8,2,125,209,52,209,201,1,6,2,209,196,209,125,16,3,14,
    12,125,33,6,2,200,199,36,16,14,7,8,125,124,13,12,235,209,209,209,209,209,209,209,209,209,209,209,209,8,15,209,13,8,2,
    125,209,53,209,19,12,2,125,45,8,2,125,209,125,9,12,7,235,209,209,209,209,209,209,209,209,209,209,209,209,209,209,209,209,19,
    12,2,125,45,8,2,125,209,52,209,13,8,2,125,235,209,209,209,209,209,209,209,209,209,209,209,209,209,209,209,209,19,12,2,125,
    209,52,209,5,6,18,235,209,209,209,209,209,209,209,209,209,209,209,209,12,7,13,235,209,209,209,209,209,209,209,209,12,7,13,235,
    209,209,209,209,12,7,13,235,209,209,209,209,3,12,125,124,3,7,209,19,12,2,125,197,209,19,12,2,125,45,8,2,125,235,12,
    7,13,235,235,5,6,18,16,5,209,15,124,7,18,125,8,6,7,209,12,7,2,124,3,12,43,6,19,201,11,6,19,40,13,200,
    235,209,209,209,209,8,15,209,43,6,19,2,28,125,8,5,199,46,12,125,33,5,16,120,12,3,43,6,19,40,13,201,37,6,18,
    16,5,33,5,16,120,12,3,200,209,52,52,209,11,6,19,40,13,209,125,9,12,7,235,209,209,209,209,209,209,209,209,3,12,125,
    124,3,7,209,125,3,124,12,235,209,209,209,209,12,7,13,235,209,209,209,209,235,209,209,209,209,5,6,18,16,5,209,1,16,13,
    2,209,52,209,50,6,5,5,12,18,125,8,6,7,34,12,3,127,8,18,12,59,46,12,125,29,16,14,14,12,13,201,211,43,6,
    19,33,16,13,211,200,235,209,209,209,209,5,6,18,16,5,209,125,16,3,14,12,125,33,16,13,209,52,209,7,8,5,235,209,209,
    209,209,15,6,3,209,22,197,209,1,16,13,209,8,7,209,8,1,16,8,3,2,201,1,16,13,2,200,209,13,6,235,209,209,209,
    209,209,209,209,209,8,15,209,1,16,13,59,46,12,125,48,125,125,3,8,19,124,125,12,201,211,43,6,19,40,13,211,200,209,52,
    52,209,11,6,19,40,13,209,16,7,13,209,1,16,13,59,40,2,48,201,211,51,16,2,12,33,16,3,125,211,200,209,125,9,12,
    7,235,209,209,209,209,209,209,209,209,209,209,209,209,125,16,3,14,12,125,33,16,13,209,52,209,1,16,13,235,209,209,209,209,209,
    209,209,209,209,209,209,209,19,3,12,16,10,235,209,209,209,209,209,209,209,209,12,7,13,235,209,209,209,209,12,7,13,235,209,209,
    209,209,235,209,209,209,209,5,6,18,16,5,209,18,9,16,3,209,52,209,37,6,18,16,5,33,5,16,120,12,3,199,50,9,16,
    3,16,18,125,12,3,235,209,209,209,209,5,6,18,16,5,209,3,6,6,125,209,52,209,18,9,16,3,209,16,7,13,209,18,9,
    16,3,59,47,8,7,13,47,8,3,2,125,50,9,8,5,13,201,211,41,124,4,16,7,6,8,13,35,6,6,125,33,16,3,125,
    211,200,235,209,209,209,209,8,15,209,7,6,125,209,3,6,6,125,209,125,9,12,7,209,3,12,125,124,3,7,209,15,16,5,2,
    12,209,12,7,13,235,209,209,209,209,235,209,209,209,209,8,15,209,125,16,3,14,12,125,33,16,13,209,125,9,12,7,235,209,209,
    209,209,209,209,209,209,3,6,6,125,199,48,2,2,12,4,19,5,120,37,8,7,12,16,3,31,12,5,6,18,8,125,120,209,52,
    209,31,12,18,125,6,3,194,199,123,12,3,6,235,209,209,209,209,209,209,209,209,3,6,6,125,199,50,47,3,16,4,12,209,52,
    209,125,16,3,14,12,125,33,16,13,199,50,47,3,16,4,12,209,202,209,31,12,18,125,6,3,194,199,7,12,126,201,193,197,209,
    194,197,209,193,200,235,209,209,209,209,209,209,209,209,125,16,2,10,199,126,16,8,125,201,193,199,194,200,235,209,209,209,209,12,5,
    2,12,8,15,209,11,6,19,40,13,209,52,52,209,211,50,3,8,4,8,7,16,5,211,209,125,9,12,7,235,209,209,209,209,209,
    209,209,209,3,6,6,125,199,48,2,2,12,4,19,5,120,37,8,7,12,16,3,31,12,5,6,18,8,125,120,209,52,209,31,12,
    18,125,6,3,194,199,123,12,3,6,235,209,209,209,209,209,209,209,209,3,6,6,125,199,50,47,3,16,4,12,209,52,209,50,47,
    3,16,4,12,199,7,12,126,201,192,194,60,199,192,197,209,195,195,197,209,196,192,57,60,195,199,193,200,235,209,209,209,209,209,209,
    209,209,125,16,2,10,199,126,16,8,125,201,193,199,194,200,235,209,209,209,209,12,7,13,235,209,209,209,209,235,209,209,209,209,43,
    6,19,2,50,6,7,125,3,6,5,5,12,3,199,35,12,0,124,12,2,125,34,125,16,3,125,43,6,19,34,12,2,2,8,6,
    7,201,11,6,19,40,13,197,209,211,11,6,19,33,16,13,211,200,235,209,209,209,209,125,16,2,10,199,126,16,8,125,201,193,199,
    57,200,235,209,209,209,209,235,209,209,209,209,3,12,125,124,3,7,209,43,6,19,2,28,125,8,5,199,46,12,125,33,5,16,120,
    12,3,43,6,19,40,13,201,37,6,18,16,5,33,5,16,120,12,3,200,209,52,52,209,11,6,19,40,13,235,12,7,13,235,235,
    5,6,18,16,5,209,15,124,7,18,125,8,6,7,209,15,8,7,13,48,127,16,8,5,16,19,5,12,48,29,36,201,200,235,209,
    209,209,209,5,6,18,16,5,209,2,1,16,126,7,12,3,2,209,52,209,126,6,3,10,2,1,16,18,12,59,47,8,7,13,47,
    8,3,2,125,50,9,8,5,13,201,211,46,16,4,12,211,200,209,16,7,13,209,126,6,3,10,2,1,16,18,12,199,46,16,4,
    12,59,47,8,7,13,47,8,3,2,125,50,9,8,5,13,201,211,43,6,19,2,211,200,209,16,7,13,209,126,6,3,10,2,1,
    16,18,12,199,46,16,4,12,199,43,6,19,2,59,47,8,7,13,47,8,3,2,125,50,9,8,5,13,201,211,50,3,8,4,8,
    7,16,5,48,29,36,34,1,16,126,7,12,3,2,211,200,235,209,209,209,209,8,15,209,7,6,125,209,2,1,16,126,7,12,3,
    2,209,125,9,12,7,209,3,12,125,124,3,7,209,7,8,5,209,12,7,13,235,209,209,209,209,235,209,209,209,209,15,6,3,209,
    22,197,209,2,1,16,126,7,12,3,209,8,7,209,8,1,16,8,3,2,201,2,1,16,126,7,12,3,2,59,46,12,125,50,9,
    8,5,13,3,12,7,201,200,200,209,13,6,235,209,209,209,209,209,209,209,209,15,6,3,209,22,197,209,18,9,8,5,13,209,8,
    7,209,8,1,16,8,3,2,201,2,1,16,126,7,12,3,59,46,12,125,50,9,8,5,13,3,12,7,201,200,200,209,13,6,235,
    209,209,209,209,209,209,209,209,209,209,209,209,8,15,209,2,125,3,8,7,14,199,15,8,7,13,201,18,9,8,5,13,199,39,16,
    4,12,197,209,211,50,3,8,4,8,7,16,5,48,29,36,211,200,209,125,9,12,7,235,209,209,209,209,209,209,209,209,209,209,209,
    209,209,209,209,209,5,6,18,16,5,209,2,125,16,125,12,209,52,209,18,9,8,5,13,59,46,12,125,48,125,125,3,8,19,124,
    125,12,201,211,34,125,16,125,12,211,200,235,209,209,209,209,209,209,209,209,209,209,209,209,209,209,209,209,5,6,18,16,5,209,12,
    7,14,16,14,8,7,14,209,52,209,18,9,8,5,13,59,46,12,125,48,125,125,3,8,19,124,125,12,201,211,44,7,14,16,14,
    8,7,14,33,5,16,120,12,3,40,13,211,200,235,209,209,209,209,209,209,209,209,209,209,209,209,209,209,209,209,8,15,209,2,125,
    16,125,12,209,52,52,209,211,39,6,3,4,16,5,211,209,16,7,13,209,7,6,125,209,12,7,14,16,14,8,7,14,209,125,9,
    12,7,235,209,209,209,209,209,209,209,209,209,209,209,209,209,209,209,209,209,209,209,209,3,12,125,124,3,7,209,18,9,8,5,13,
    235,209,209,209,209,209,209,209,209,209,209,209,209,209,209,209,209,12,7,13,235,209,209,209,209,209,209,209,209,209,209,209,209,12,7,
    13,235,209,209,209,209,209,209,209,209,12,7,13,235,209,209,209,209,12,7,13,235,209,209,209,209,3,12,125,124,3,7,209,7,8,
    5,235,12,7,13,235,235,5,6,18,16,5,209,15,124,7,18,125,8,6,7,209,14,12,125,45,3,6,1,38,15,15,48,13,6,
    3,7,12,12,201,200,235,209,209,209,209,5,6,18,16,5,209,2,1,16,126,7,12,3,2,209,52,209,126,6,3,10,2,1,16,
    18,12,59,47,8,7,13,47,8,3,2,125,50,9,8,5,13,201,211,46,16,4,12,211,200,209,16,7,13,209,126,6,3,10,2,
    1,16,18,12,199,46,16,4,12,59,47,8,7,13,47,8,3,2,125,50,9,8,5,13,201,211,43,6,19,2,211,200,209,16,7,
    13,209,126,6,3,10,2,1,16,18,12,199,46,16,4,12,199,43,6,19,2,59,47,8,7,13,47,8,3,2,125,50,9,8,5,
    13,201,211,50,3,8,4,8,7,16,5,45,3,6,1,38,15,15,34,1,16,126,7,12,3,2,211,200,235,209,209,209,209,8,15,
    209,7,6,125,209,2,1,16,126,7,12,3,2,209,125,9,12,7,209,3,12,125,124,3,7,209,7,8,5,209,12,7,13,235,209,
    209,209,209,235,209,209,209,209,15,6,3,209,22,197,209,2,209,8,7,209,8,1,16,8,3,2,201,2,1,16,126,7,12,3,2,
    59,46,12,125,50,9,8,5,13,3,12,7,201,200,200,209,13,6,235,209,209,209,209,209,209,209,209,5,6,18,16,5,209,13,3,
    6,1,209,52,209,2,59,47,8,7,13,47,8,3,2,125,50,9,8,5,13,201,211,50,3,8,4,8,7,16,5,45,3,6,1,
    38,15,15,33,6,8,7,125,211,200,209,6,3,209,2,59,47,8,7,13,47,8,3,2,125,50,9,8,5,13,30,9,8,18,9,
    40,2,48,201,211,36,6,13,12,5,211,200,235,209,209,209,209,209,209,209,209,8,15,209,13,3,6,1,209,125,9,12,7,235,209,
    209,209,209,209,209,209,209,209,209,209,209,3,12,125,124,3,7,209,13,3,6,1,235,209,209,209,209,209,209,209,209,12,7,13,235,
    209,209,209,209,12,7,13,235,209,209,209,209,3,12,125,124,3,7,209,7,8,5,235,12,7,13,235,235,196,196,209,50,3,12,16,
    125,12,209,47,5,124,12,7,125,209,30,8,7,13,6,126,235,5,6,18,16,5,209,30,8,7,13,6,126,209,52,209,47,5,124,
    12,7,125,59,50,3,12,16,125,12,30,8,7,13,6,126,201,122,235,209,209,209,209,29,8,125,5,12,209,52,209,211,34,38,39,
    39,209,41,28,51,211,197,235,209,209,209,209,34,124,19,29,8,125,5,12,209,52,209,211,45,3,8,127,8,7,14,209,44,4,1,
    8,3,12,209,48,124,125,6,15,16,3,4,211,197,235,209,209,209,209,29,16,19,30,8,13,125,9,209,52,209,192,63,193,197,235,
    209,209,209,209,34,8,123,12,209,52,209,28,45,8,4,195,199,15,3,6,4,38,15,15,2,12,125,201,60,57,193,197,209,61,57,
    193,200,197,235,209,209,209,209,48,18,3,120,5,8,18,209,52,209,15,16,5,2,12,197,235,209,209,209,209,29,9,12,4,12,209,
    52,209,211,45,16,3,10,211,197,235,209,209,209,209,36,8,7,8,4,8,123,12,42,12,120,209,52,209,44,7,124,4,199,42,12,
    120,50,6,13,12,199,35,8,14,9,125,50,6,7,125,3,6,5,235,116,200,235,235,5,6,18,16,5,209,29,16,19,2,209,52,
    209,122,235,209,209,209,209,45,12,5,8,127,12,3,120,209,52,209,30,8,7,13,6,126,59,48,13,13,29,16,19,201,122,209,29,
    8,125,5,12,209,52,209,211,45,12,5,8,127,12,3,120,209,47,16,3,4,211,197,209,40,18,6,7,209,52,209,211,125,3,124,
    18,10,211,209,116,200,197,235,209,209,209,209,38,124,125,5,16,126,209,52,209,30,8,7,13,6,126,59,48,13,13,29,16,19,201,
    122,209,29,8,125,5,12,209,52,209,211,38,124,125,5,16,126,209,47,16,3,4,211,197,209,40,18,6,7,209,52,209,211,2,10,
    124,5,5,211,209,116,200,197,235,209,209,209,209,31,12,9,8,18,5,12,209,52,209,30,8,7,13,6,126,59,48,13,13,29,16,
    19,201,122,209,29,8,125,5,12,209,52,209,211,31,12,9,8,18,5,12,211,197,209,40,18,6,7,209,52,209,211,14,16,124,14,
    12,211,209,116,200,197,235,209,209,209,209,35,12,126,16,3,13,2,209,52,209,30,8,7,13,6,126,59,48,13,13,29,16,19,201,
    122,209,29,8,125,5,12,209,52,209,211,35,12,126,16,3,13,2,211,197,209,40,18,6,7,209,52,209,211,14,8,15,125,211,209,
    116,200,197,235,209,209,209,209,29,12,5,12,1,6,3,125,2,209,52,209,30,8,7,13,6,126,59,48,13,13,29,16,19,201,122,
    209,29,8,125,5,12,209,52,209,211,29,12,5,12,1,6,3,125,2,211,197,209,40,18,6,7,209,52,209,211,4,16,1,196,1,
    8,7,211,209,116,200,197,235,209,209,209,209,34,12,125,125,8,7,14,2,209,52,209,30,8,7,13,6,126,59,48,13,13,29,16,
    19,201,122,209,29,8,125,5,12,209,52,209,211,34,12,125,125,8,7,14,2,211,197,209,40,18,6,7,209,52,209,211,2,12,125,
    125,8,7,14,2,211,209,116,200,235,116,235,235,196,196,196,196,196,196,196,196,196,196,196,196,196,196,196,196,196,196,196,196,196,196,
    196,196,196,196,196,196,196,196,196,196,196,196,196,196,196,196,196,196,196,196,196,196,196,196,196,196,196,196,196,196,196,196,196,196,196,
    196,196,196,196,196,196,196,196,196,196,196,196,196,235,196,196,209,29,48,51,59,209,45,44,37,40,31,44,35,24,209,47,48,35,36,
    235,196,196,196,196,196,196,196,196,196,196,196,196,196,196,196,196,196,196,196,196,196,196,196,196,196,196,196,196,196,196,196,196,196,196,
    196,196,196,196,196,196,196,196,196,196,196,196,196,196,196,196,196,196,196,196,196,196,196,196,196,196,196,196,196,196,196,196,196,196,196,
    196,235,29,16,19,2,199,45,12,5,8,127,12,3,120,59,48,13,13,33,16,3,16,14,3,16,1,9,201,122,235,209,209,209,209,
    29,8,125,5,12,209,52,209,211,54,54,209,48,124,125,6,209,45,12,5,8,127,12,3,120,209,47,16,3,4,211,197,235,209,209,
    209,209,50,6,7,125,12,7,125,209,52,209,211,37,12,14,8,125,209,18,16,2,9,209,4,12,125,9,6,13,209,126,8,125,9,
    209,2,125,3,12,16,10,209,4,124,5,125,8,1,5,8,12,3,2,208,209,33,8,18,10,2,209,124,1,209,1,16,18,10,16,
    14,12,2,197,209,125,12,5,12,1,6,3,125,2,209,13,8,3,12,18,125,5,120,209,125,6,209,13,3,6,1,196,6,15,15,
    2,197,209,16,7,13,209,125,124,3,7,2,209,8,7,209,13,12,5,8,127,12,3,8,12,2,209,16,124,125,6,4,16,125,8,
    18,16,5,5,120,199,211,235,116,200,235,235,5,6,18,16,5,209,45,12,5,8,127,12,3,120,34,125,16,125,124,2,33,16,3,
    16,14,3,16,1,9,209,52,209,29,16,19,2,199,45,12,5,8,127,12,3,120,59,48,13,13,33,16,3,16,14,3,16,1,9,
    201,122,235,209,209,209,209,29,8,125,5,12,209,52,209,211,54,54,209,37,8,127,12,209,45,12,5,8,127,12,3,120,209,34,125,
    16,125,124,2,211,197,235,209,209,209,209,50,6,7,125,12,7,125,209,52,209,211,34,125,16,125,124,2,59,209,40,13,5,12,21,
    7,50,16,2,9,209,44,16,3,7,12,13,59,209,205,193,21,7,29,6,125,16,5,209,50,16,2,9,59,209,205,193,21,7,34,
    125,3,12,16,10,59,209,193,209,117,209,50,6,4,1,5,12,125,12,13,59,209,193,21,7,35,124,7,125,8,4,12,59,209,193,
    193,59,193,193,59,193,193,211,235,116,200,235,235,5,6,18,16,5,209,45,12,5,8,127,12,3,120,29,6,14,14,5,12,209,52,
    209,29,16,19,2,199,45,12,5,8,127,12,3,120,59,48,13,13,29,6,14,14,5,12,201,211,48,124,125,6,45,12,5,8,127,
    12,3,120,211,197,209,122,235,209,209,209,209,29,8,125,5,12,209,52,209,211,44,7,16,19,5,12,209,48,124,125,6,209,45,12,
    5,8,127,12,3,120,209,47,16,3,4,211,197,235,209,209,209,209,45,12,15,16,124,5,125,209,52,209,15,16,5,2,12,197,235,
    209,209,209,209,50,16,5,5,19,16,18,10,209,52,209,15,124,7,18,125,8,6,7,201,127,16,5,200,235,209,209,209,209,209,209,
    209,209,47,16,3,4,50,6,7,15,8,14,199,48,124,125,6,45,12,5,8,127,12,3,120,209,52,209,127,16,5,235,209,209,209,
    209,209,209,209,209,8,15,209,127,16,5,209,125,9,12,7,235,209,209,209,209,209,209,209,209,209,209,209,209,47,16,3,4,50,6,
    7,15,8,14,199,48,124,125,6,38,124,125,5,16,126,209,52,209,15,16,5,2,12,235,209,209,209,209,209,209,209,209,209,209,209,
    209,8,15,209,29,16,19,2,199,38,124,125,5,16,126,199,29,6,14,14,5,12,2,209,16,7,13,209,29,16,19,2,199,38,124,
    125,5,16,126,199,29,6,14,14,5,12,2,199,48,124,125,6,38,124,125,5,16,126,209,125,9,12,7,235,209,209,209,209,209,209,
    209,209,209,209,209,209,209,209,209,209,29,16,19,2,199,38,124,125,5,16,126,199,29,6,14,14,5,12,2,199,48,124,125,6,38,
    124,125,5,16,126,59,34,12,125,31,16,5,124,12,201,15,16,5,2,12,200,235,209,209,209,209,209,209,209,209,209,209,209,209,12,
    7,13,235,209,209,209,209,209,209,209,209,209,209,209,209,34,125,16,125,2,199,34,125,16,125,124,2,209,52,209,211,34,125,16,3,
    125,8,7,14,209,45,12,5,8,127,12,3,120,199,199,199,211,235,209,209,209,209,209,209,209,209,209,209,209,209,34,125,16,125,2,
    199,34,125,16,3,125,29,8,4,12,209,52,209,125,8,18,10,201,200,235,209,209,209,209,209,209,209,209,209,209,209,209,8,15,209,
    37,6,18,16,5,33,5,16,120,12,3,59,47,8,7,13,47,8,3,2,125,50,9,8,5,13,201,211,5,12,16,13,12,3,2,
    125,16,125,2,211,200,209,16,7,13,209,37,6,18,16,5,33,5,16,120,12,3,199,5,12,16,13,12,3,2,125,16,125,2,59,
    47,8,7,13,47,8,3,2,125,50,9,8,5,13,201,211,50,16,2,9,211,200,209,125,9,12,7,235,209,209,209,209,209,209,209,
    209,209,209,209,209,209,209,209,209,34,125,16,125,2,199,34,125,16,3,125,50,16,2,9,209,52,209,37,6,18,16,5,33,5,16,
    120,12,3,199,5,12,16,13,12,3,2,125,16,125,2,199,50,16,2,9,199,31,16,5,124,12,235,209,209,209,209,209,209,209,209,
    209,209,209,209,12,7,13,235,209,209,209,209,209,209,209,209,209,209,209,209,47,5,124,12,7,125,59,39,6,125,8,15,120,201,122,
    235,209,209,209,209,209,209,209,209,209,209,209,209,209,209,209,209,29,8,125,5,12,209,52,209,211,45,12,5,8,127,12,3,120,209,
    47,16,3,4,209,34,125,16,3,125,12,13,211,197,235,209,209,209,209,209,209,209,209,209,209,209,209,209,209,209,209,50,6,7,125,
    12,7,125,209,52,209,211,48,124,125,6,209,45,12,5,8,127,12,3,120,209,8,2,209,7,6,126,209,3,124,7,7,8,7,14,
    208,211,197,235,209,209,209,209,209,209,209,209,209,209,209,209,209,209,209,209,45,124,3,16,125,8,6,7,209,52,209,194,235,209,209,
    209,209,209,209,209,209,209,209,209,209,116,200,235,209,209,209,209,209,209,209,209,12,5,2,12,235,209,209,209,209,209,209,209,209,209,
    209,209,209,34,125,16,125,2,199,34,125,16,125,124,2,209,52,209,211,34,125,6,1,1,12,13,211,235,209,209,209,209,209,209,209,
    209,12,7,13,235,209,209,209,209,12,7,13,235,116,200,235,235,29,16,19,2,199,45,12,5,8,127,12,3,120,59,48,13,13,34,
    5,8,13,12,3,201,211,29,12,5,12,1,6,3,125,45,12,5,16,120,211,197,209,122,235,209,209,209,209,29,8,125,5,12,209,
    52,209,211,48,18,125,8,6,7,209,198,209,29,12,5,12,1,6,3,125,209,45,12,5,16,120,211,197,235,209,209,209,209,45,12,
    2,18,3,8,1,125,8,6,7,209,52,209,211,34,4,16,5,5,209,1,16,124,2,12,209,19,12,125,126,12,12,7,209,16,18,
    125,8,6,7,2,209,15,6,3,209,2,12,3,127,12,3,209,2,120,7,18,9,3,6,7,8,123,16,125,8,6,7,199,211,197,
    235,209,209,209,209,45,12,15,16,124,5,125,209,52,209,193,199,195,60,197,235,209,209,209,209,36,8,7,209,52,209,193,199,192,197,
    235,209,209,209,209,36,16,121,209,52,209,192,199,193,197,235,209,209,209,209,35,6,124,7,13,8,7,14,209,52,209,195,197,235,209,
    209,209,209,50,16,5,5,19,16,18,10,209,52,209,15,124,7,18,125,8,6,7,201,127,16,5,200,235,209,209,209,209,209,209,209,
    209,47,16,3,4,50,6,7,15,8,14,199,29,12,5,12,1,6,3,125,45,12,5,16,120,209,52,209,127,16,5,235,209,209,209,
    209,12,7,13,235,116,200,235,235,29,16,19,2,199,45,12,5,8,127,12,3,120,59,48,13,13,34,5,8,13,12,3,201,211,48,
    18,125,8,6,7,29,8,4,12,6,124,125,211,197,209,122,235,209,209,209,209,29,8,125,5,12,209,52,209,211,45,12,5,8,127,
    12,3,120,209,29,8,4,12,6,124,125,209,201,34,12,18,6,7,13,2,200,211,197,235,209,209,209,209,45,12,2,18,3,8,1,
    125,8,6,7,209,52,209,211,36,16,121,8,4,124,4,209,126,16,8,125,209,125,8,4,12,209,15,6,3,209,5,6,16,13,8,
    7,14,198,124,7,5,6,16,13,8,7,14,209,18,16,3,14,6,199,211,197,235,209,209,209,209,45,12,15,16,124,5,125,209,52,
    209,61,197,235,209,209,209,209,36,8,7,209,52,209,195,197,235,209,209,209,209,36,16,121,209,52,209,192,193,197,235,209,209,209,209,
    35,6,124,7,13,8,7,14,209,52,209,193,197,235,209,209,209,209,50,16,5,5,19,16,18,10,209,52,209,15,124,7,18,125,8,
    6,7,201,127,16,5,200,235,209,209,209,209,209,209,209,209,47,16,3,4,50,6,7,15,8,14,199,48,18,125,8,6,7,29,8,
    4,12,6,124,125,209,52,209,127,16,5,235,209,209,209,209,12,7,13,235,116,200,235,235,196,196,196,196,196,196,196,196,196,196,196,
    196,196,196,196,196,196,196,196,196,196,196,196,196,196,196,196,196,196,196,196,196,196,196,196,196,196,196,196,196,196,196,196,196,196,196,
    196,196,196,196,196,196,196,196,196,196,196,196,196,196,196,196,196,196,196,196,196,196,196,196,235,196,196,209,29,48,51,59,209,38,28,
    29,37,48,30,209,47,48,35,36,235,196,196,196,196,196,196,196,196,196,196,196,196,196,196,196,196,196,196,196,196,196,196,196,196,196,
    196,196,196,196,196,196,196,196,196,196,196,196,196,196,196,196,196,196,196,196,196,196,196,196,196,196,196,196,196,196,196,196,196,196,196,
    196,196,196,196,196,196,196,196,196,196,235,29,16,19,2,199,38,124,125,5,16,126,59,48,13,13,33,16,3,16,14,3,16,1,9,
    201,122,235,209,209,209,209,29,8,125,5,12,209,52,209,211,54,54,209,48,124,125,6,209,38,124,125,5,16,126,209,47,16,3,4,
    209,201,48,29,36,209,35,6,19,19,12,3,120,200,211,197,235,209,209,209,209,50,6,7,125,12,7,125,209,52,209,211,48,124,125,
    6,4,16,125,8,18,16,5,5,120,209,2,126,8,125,18,9,12,2,209,125,6,209,50,3,8,4,8,7,16,5,198,38,124,125,
    5,16,126,209,125,12,16,4,197,209,15,8,7,13,2,209,16,18,125,8,127,12,209,48,29,36,2,197,209,19,124,2,125,2,209,
    125,9,12,4,209,15,6,3,209,18,16,2,9,197,209,16,7,13,209,13,12,1,6,2,8,125,2,209,5,6,6,125,209,16,125,
    209,45,3,6,1,196,38,15,15,209,1,6,8,7,125,2,208,211,235,116,200,235,235,5,6,18,16,5,209,38,124,125,5,16,126,
    34,125,16,125,124,2,33,16,3,16,14,3,16,1,9,209,52,209,29,16,19,2,199,38,124,125,5,16,126,59,48,13,13,33,16,
    3,16,14,3,16,1,9,201,122,235,209,209,209,209,29,8,125,5,12,209,52,209,211,54,54,209,37,8,127,12,209,38,124,125,5,
    16,126,209,34,125,16,125,124,2,211,197,235,209,209,209,209,50,6,7,125,12,7,125,209,52,209,211,34,125,16,125,124,2,59,209,
    40,13,5,12,21,7,48,29,36,2,209,51,124,2,125,12,13,59,209,193,21,7,50,16,2,9,209,44,16,3,7,12,13,59,209,
    205,193,21,7,35,124,7,125,8,4,12,59,209,193,193,59,193,193,59,193,193,211,235,116,200,235,235,5,6,18,16,5,209,38,124,
    125,5,16,126,29,6,14,14,5,12,209,52,209,29,16,19,2,199,38,124,125,5,16,126,59,48,13,13,29,6,14,14,5,12,201,
    211,48,124,125,6,38,124,125,5,16,126,211,197,209,122,235,209,209,209,209,29,8,125,5,12,209,52,209,211,44,7,16,19,5,12,
    209,48,124,125,6,209,38,124,125,5,16,126,209,47,16,3,4,211,197,235,209,209,209,209,45,12,15,16,124,5,125,209,52,209,15,
    16,5,2,12,197,235,209,209,209,209,50,16,5,5,19,16,18,10,209,52,209,15,124,7,18,125,8,6,7,201,127,16,5,200,235,
    209,209,209,209,209,209,209,209,47,16,3,4,50,6,7,15,8,14,199,48,124,125,6,38,124,125,5,16,126,209,52,209,127,16,5,
    235,209,209,209,209,209,209,209,209,8,15,209,127,16,5,209,125,9,12,7,235,209,209,209,209,209,209,209,209,209,209,209,209,47,16,
    3,4,50,6,7,15,8,14,199,48,124,125,6,45,12,5,8,127,12,3,120,209,52,209,15,16,5,2,12,235,209,209,209,209,209,
    209,209,209,209,209,209,209,8,15,209,45,12,5,8,127,12,3,120,29,6,14,14,5,12,209,125,9,12,7,235,209,209,209,209,209,
    209,209,209,209,209,209,209,209,209,209,209,45,12,5,8,127,12,3,120,29,6,14,14,5,12,59,34,12,125,31,16,5,124,12,201,
    15,16,5,2,12,200,235,209,209,209,209,209,209,209,209,209,209,209,209,12,7,13,235,209,209,209,209,209,209,209,209,209,209,209,209,
    34,125,16,125,2,199,34,125,16,125,124,2,209,52,209,211,34,125,16,3,125,8,7,14,209,38,124,125,5,16,126,199,199,199,211,
    235,209,209,209,209,209,209,209,209,209,209,209,209,34,125,16,125,2,199,34,125,16,3,125,29,8,4,12,209,52,209,125,8,18,10,
    201,200,235,209,209,209,209,209,209,209,209,209,209,209,209,8,15,209,37,6,18,16,5,33,5,16,120,12,3,59,47,8,7,13,47,
    8,3,2,125,50,9,8,5,13,201,211,5,12,16,13,12,3,2,125,16,125,2,211,200,209,16,7,13,209,37,6,18,16,5,33,
    5,16,120,12,3,199,5,12,16,13,12,3,2,125,16,125,2,59,47,8,7,13,47,8,3,2,125,50,9,8,5,13,201,211,50,
    16,2,9,211,200,209,125,9,12,7,235,209,209,209,209,209,209,209,209,209,209,209,209,209,209,209,209,34,125,16,125,2,199,34,125,
    16,3,125,50,16,2,9,209,52,209,37,6,18,16,5,33,5,16,120,12,3,199,5,12,16,13,12,3,2,125,16,125,2,199,50,
    16,2,9,199,31,16,5,124,12,235,209,209,209,209,209,209,209,209,209,209,209,209,12,7,13,235,209,209,209,209,209,209,209,209,209,
    209,209,209,47,5,124,12,7,125,59,39,6,125,8,15,120,201,122,235,209,209,209,209,209,209,209,209,209,209,209,209,209,209,209,209,
    29,8,125,5,12,209,52,209,211,38,124,125,5,16,126,209,47,16,3,4,209,34,125,16,3,125,12,13,211,197,235,209,209,209,209,
    209,209,209,209,209,209,209,209,209,209,209,209,50,6,7,125,12,7,125,209,52,209,211,48,124,125,6,209,38,124,125,5,16,126,209,
    201,48,29,36,209,35,6,19,19,12,3,120,200,209,8,2,209,7,6,126,209,3,124,7,7,8,7,14,208,211,197,235,209,209,209,
    209,209,209,209,209,209,209,209,209,209,209,209,209,45,124,3,16,125,8,6,7,209,52,209,194,235,209,209,209,209,209,209,209,209,209,
    209,209,209,116,200,235,209,209,209,209,209,209,209,209,12,5,2,12,235,209,209,209,209,209,209,209,209,209,209,209,209,34,125,16,125,
    2,199,34,125,16,125,124,2,209,52,209,211,34,125,6,1,1,12,13,211,235,209,209,209,209,209,209,209,209,12,7,13,235,209,209,
    209,209,12,7,13,235,116,200,235,235,29,16,19,2,199,38,124,125,5,16,126,59,48,13,13,34,5,8,13,12,3,201,211,48,29,
    36,51,124,2,125,45,124,3,16,125,8,6,7,211,197,209,122,235,209,209,209,209,29,8,125,5,12,209,52,209,211,48,29,36,209,
    51,124,2,125,209,30,16,8,125,209,45,124,3,16,125,8,6,7,209,201,34,12,18,6,7,13,2,200,211,197,235,209,209,209,209,
    45,12,2,18,3,8,1,125,8,6,7,209,52,209,211,29,8,4,12,209,125,6,209,126,16,8,125,209,126,9,8,5,12,209,9,
    16,18,10,8,7,14,198,19,124,2,125,8,7,14,209,48,29,36,209,19,12,15,6,3,12,209,18,6,4,1,5,12,125,8,7,
    14,199,211,197,235,209,209,209,209,45,12,15,16,124,5,125,209,52,209,61,199,195,197,235,209,209,209,209,36,8,7,209,52,209,194,
    199,193,197,235,209,209,209,209,36,16,121,209,52,209,63,199,193,197,235,209,209,209,209,35,6,124,7,13,8,7,14,209,52,209,192,
    197,235,209,209,209,209,50,16,5,5,19,16,18,10,209,52,209,15,124,7,18,125,8,6,7,201,127,16,5,200,235,209,209,209,209,
    209,209,209,209,47,16,3,4,50,6,7,15,8,14,199,48,29,36,51,124,2,125,45,124,3,16,125,8,6,7,209,52,209,127,16,
    5,235,209,209,209,209,12,7,13,235,116,200,235,235,196,196,196,196,196,196,196,196,196,196,196,196,196,196,196,196,196,196,196,196,196,
    196,196,196,196,196,196,196,196,196,196,196,196,196,196,196,196,196,196,196,196,196,196,196,196,196,196,196,196,196,196,196,196,196,196,196,
    196,196,196,196,196,196,196,196,196,196,196,196,196,196,235,196,196,209,29,48,51,59,209,31,44,41,40,50,37,44,209,201,40,39,34,
    29,48,39,29,209,29,38,33,209,34,33,44,44,45,209,207,209,29,28,39,40,39,46,200,235,196,196,196,196,196,196,196,196,196,196,
    196,196,196,196,196,196,196,196,196,196,196,196,196,196,196,196,196,196,196,196,196,196,196,196,196,196,196,196,196,196,196,196,196,196,196,
    196,196,196,196,196,196,196,196,196,196,196,196,196,196,196,196,196,196,196,196,196,196,196,196,196,235,29,16,19,2,199,31,12,9,8,
    18,5,12,59,48,13,13,33,16,3,16,14,3,16,1,9,201,122,235,209,209,209,209,29,8,125,5,12,209,52,209,211,129,86,102,
    103,134,185,102,209,40,7,2,125,16,7,125,209,29,6,1,209,34,1,12,12,13,209,207,209,31,12,9,8,18,5,12,209,51,6,
    6,2,125,211,197,235,209,209,209,209,50,6,7,125,12,7,125,209,52,209,211,37,16,7,14,2,124,7,14,209,4,12,5,124,7,
    18,124,3,209,1,16,13,16,209,29,6,1,209,34,1,12,12,13,209,13,8,209,16,126,16,5,209,2,16,16,125,209,4,12,7,
    12,10,16,7,209,14,16,2,209,201,30,209,198,209,29,9,3,6,125,125,5,12,200,209,125,16,7,1,16,209,1,12,3,5,124,
    209,4,12,7,124,7,14,14,124,209,16,10,2,12,5,12,3,16,2,8,209,5,16,4,19,16,125,208,211,235,116,200,235,235,29,
    16,19,2,199,31,12,9,8,18,5,12,59,48,13,13,29,6,14,14,5,12,201,211,40,7,2,125,16,7,125,29,6,1,34,1,
    12,12,13,211,197,209,122,235,209,209,209,209,29,8,125,5,12,209,52,209,211,44,7,16,19,5,12,209,40,7,2,125,16,7,125,
    209,29,6,1,209,34,1,12,12,13,211,197,235,209,209,209,209,45,12,2,18,3,8,1,125,8,6,7,209,52,209,211,37,16,7,
    14,2,124,7,14,209,4,12,4,16,18,124,209,10,12,7,13,16,3,16,16,7,209,10,12,209,10,12,18,12,1,16,125,16,7,
    209,1,124,7,18,16,10,209,2,16,16,125,209,4,12,7,14,8,7,11,16,10,209,14,16,2,199,211,197,235,209,209,209,209,45,
    12,15,16,124,5,125,209,52,209,125,3,124,12,197,235,209,209,209,209,50,16,5,5,19,16,18,10,209,52,209,15,124,7,18,125,
    8,6,7,201,127,16,5,200,235,209,209,209,209,209,209,209,209,47,16,3,4,50,6,7,15,8,14,199,40,7,2,125,16,7,125,
    29,6,1,34,1,12,12,13,209,52,209,127,16,5,235,209,209,209,209,209,209,209,209,47,5,124,12,7,125,59,39,6,125,8,15,
    120,201,122,235,209,209,209,209,209,209,209,209,209,209,209,209,29,8,125,5,12,209,52,209,211,40,7,2,125,16,7,125,209,29,6,
    1,209,34,1,12,12,13,211,197,235,209,209,209,209,209,209,209,209,209,209,209,209,50,6,7,125,12,7,125,209,52,209,127,16,5,
    209,16,7,13,209,211,40,7,2,125,16,7,125,209,29,6,1,209,34,1,12,12,13,209,45,8,16,10,125,8,15,10,16,7,208,
    211,209,6,3,209,211,40,7,2,125,16,7,125,209,29,6,1,209,34,1,12,12,13,209,45,8,4,16,125,8,10,16,7,199,211,
    197,235,209,209,209,209,209,209,209,209,209,209,209,209,45,124,3,16,125,8,6,7,209,52,209,195,235,209,209,209,209,209,209,209,209,
    116,200,235,209,209,209,209,12,7,13,235,116,200,235,235,29,16,19,2,199,31,12,9,8,18,5,12,59,48,13,13,34,5,8,13,
    12,3,201,211,29,6,1,34,1,12,12,13,31,16,5,124,12,211,197,209,122,235,209,209,209,209,29,8,125,5,12,209,52,209,211,
    29,6,1,209,34,1,12,12,13,209,29,16,3,14,12,125,209,201,34,125,124,13,2,198,2,200,211,197,235,209,209,209,209,45,12,
    2,18,3,8,1,125,8,6,7,209,52,209,211,29,16,3,14,12,125,209,10,12,18,12,1,16,125,16,7,209,1,124,7,18,16,
    10,209,8,7,2,125,16,7,209,120,16,7,14,209,13,8,19,12,3,8,10,16,7,209,201,195,193,193,209,196,209,63,193,193,200,
    199,211,197,235,209,209,209,209,45,12,15,16,124,5,125,209,52,209,194,60,193,197,235,209,209,209,209,36,8,7,209,52,209,192,60,
    193,197,235,209,209,209,209,36,16,121,209,52,209,63,193,193,197,235,209,209,209,209,35,6,124,7,13,8,7,14,209,52,209,193,197,
    235,209,209,209,209,50,16,5,5,19,16,18,10,209,52,209,15,124,7,18,125,8,6,7,201,127,16,5,200,235,209,209,209,209,209,
    209,209,209,47,16,3,4,50,6,7,15,8,14,199,29,6,1,34,1,12,12,13,31,16,5,124,12,209,52,209,127,16,5,235,209,
    209,209,209,12,7,13,235,116,200,235,235,29,16,19,2,199,31,12,9,8,18,5,12,59,48,13,13,29,6,14,14,5,12,201,211,
    40,7,15,8,7,8,125,12,39,8,125,3,6,211,197,209,122,235,209,209,209,209,29,8,125,5,12,209,52,209,211,28,7,5,8,
    4,8,125,12,13,209,39,8,125,3,6,209,198,209,51,6,6,2,125,211,197,235,209,209,209,209,45,12,2,18,3,8,1,125,8,
    6,7,209,52,209,211,39,8,125,3,6,209,125,8,13,16,10,209,16,10,16,7,209,1,12,3,7,16,9,209,9,16,19,8,2,
    209,201,2,12,5,16,5,124,209,192,193,193,204,209,15,124,5,5,209,2,124,1,1,5,120,209,125,16,7,1,16,209,11,12,13,
    16,200,199,211,197,235,209,209,209,209,45,12,15,16,124,5,125,209,52,209,125,3,124,12,197,235,209,209,209,209,50,16,5,5,19,
    16,18,10,209,52,209,15,124,7,18,125,8,6,7,201,127,16,5,200,235,209,209,209,209,209,209,209,209,47,16,3,4,50,6,7,
    15,8,14,199,40,7,15,8,7,8,125,12,39,8,125,3,6,209,52,209,127,16,5,235,209,209,209,209,209,209,209,209,47,5,124,
    12,7,125,59,39,6,125,8,15,120,201,122,235,209,209,209,209,209,209,209,209,209,209,209,209,29,8,125,5,12,209,52,209,211,28,
    7,5,8,4,8,125,12,13,209,39,8,125,3,6,211,197,235,209,209,209,209,209,209,209,209,209,209,209,209,50,6,7,125,12,7,
    125,209,52,209,127,16,5,209,16,7,13,209,211,28,7,5,8,4,8,125,12,13,209,39,8,125,3,6,209,45,8,16,10,125,8,
    15,10,16,7,208,211,209,6,3,209,211,28,7,5,8,4,8,125,12,13,209,39,8,125,3,6,209,45,8,4,16,125,8,10,16,
    7,199,211,197,235,209,209,209,209,209,209,209,209,209,209,209,209,45,124,3,16,125,8,6,7,209,52,209,195,235,209,209,209,209,209,
    209,209,209,116,200,235,209,209,209,209,12,7,13,235,116,200,235,235,29,16,19,2,199,31,12,9,8,18,5,12,59,48,13,13,34,
    12,18,125,8,6,7,201,211,50,16,3,209,41,16,7,13,5,8,7,14,209,207,209,34,125,16,19,8,5,8,125,120,211,200,235,
    235,29,16,19,2,199,31,12,9,8,18,5,12,59,48,13,13,29,6,14,14,5,12,201,211,50,16,3,34,125,16,19,8,5,8,
    123,12,3,211,197,209,122,235,209,209,209,209,29,8,125,5,12,209,52,209,211,44,7,9,16,7,18,12,13,209,31,12,9,8,18,
    5,12,209,34,125,16,19,8,5,8,125,120,211,197,235,209,209,209,209,45,12,2,18,3,8,1,125,8,6,7,209,52,209,211,36,
    12,7,18,12,14,16,9,209,4,6,19,8,5,209,125,12,3,19,16,5,8,10,197,209,19,12,3,14,124,5,8,7,14,209,5,
    8,16,3,197,209,13,16,7,209,4,12,5,16,120,16,7,14,209,2,16,16,125,209,7,14,12,19,124,125,199,211,197,235,209,209,
    209,209,45,12,15,16,124,5,125,209,52,209,125,3,124,12,197,235,209,209,209,209,50,16,5,5,19,16,18,10,209,52,209,15,124,
    7,18,125,8,6,7,201,127,16,5,200,235,209,209,209,209,209,209,209,209,47,16,3,4,50,6,7,15,8,14,199,50,16,3,34,
    125,16,19,8,5,8,123,12,3,209,52,209,127,16,5,235,209,209,209,209,209,209,209,209,47,5,124,12,7,125,59,39,6,125,8,
    15,120,201,122,235,209,209,209,209,209,209,209,209,209,209,209,209,29,8,125,5,12,209,52,209,211,31,12,9,8,18,5,12,209,34,
    125,16,19,8,5,8,125,120,211,197,235,209,209,209,209,209,209,209,209,209,209,209,209,50,6,7,125,12,7,125,209,52,209,127,16,
    5,209,16,7,13,209,211,34,125,16,19,8,5,8,123,12,3,209,45,8,16,10,125,8,15,10,16,7,208,211,209,6,3,209,211,
    34,125,16,19,8,5,8,123,12,3,209,45,8,4,16,125,8,10,16,7,199,211,197,235,209,209,209,209,209,209,209,209,209,209,209,
    209,45,124,3,16,125,8,6,7,209,52,209,195,235,209,209,209,209,209,209,209,209,116,200,235,209,209,209,209,12,7,13,235,116,200,
    235,235,29,16,19,2,199,31,12,9,8,18,5,12,59,48,13,13,29,6,14,14,5,12,201,211,48,7,125,8,34,1,8,7,211,
    197,209,122,235,209,209,209,209,29,8,125,5,12,209,52,209,211,48,7,125,8,196,34,1,8,7,209,198,209,45,3,8,15,125,209,
    29,3,16,18,125,8,6,7,209,48,2,2,8,2,125,211,197,235,209,209,209,209,45,12,2,18,3,8,1,125,8,6,7,209,52,
    209,211,36,12,7,14,124,3,16,7,14,8,209,2,1,8,7,198,6,127,12,3,2,125,12,12,3,209,125,16,10,209,125,12,3,
    10,12,7,13,16,5,8,209,2,16,16,125,209,19,12,5,6,10,209,1,16,125,16,9,209,13,8,209,10,12,18,12,1,16,125,
    16,7,209,125,8,7,14,14,8,199,211,197,235,209,209,209,209,45,12,15,16,124,5,125,209,52,209,125,3,124,12,197,235,209,209,
    209,209,50,16,5,5,19,16,18,10,209,52,209,15,124,7,18,125,8,6,7,201,127,16,5,200,235,209,209,209,209,209,209,209,209,
    47,16,3,4,50,6,7,15,8,14,199,48,7,125,8,34,1,8,7,209,52,209,127,16,5,235,209,209,209,209,12,7,13,235,116,
    200,235,235,29,16,19,2,199,31,12,9,8,18,5,12,59,48,13,13,34,5,8,13,12,3,201,211,45,6,126,7,15,6,3,18,
    12,211,197,209,122,235,209,209,209,209,29,8,125,5,12,209,52,209,211,45,6,126,7,15,6,3,18,12,209,198,209,46,3,8,1,
    209,34,125,3,12,7,14,125,9,211,197,235,209,209,209,209,45,12,2,18,3,8,1,125,8,6,7,209,52,209,211,46,16,120,16,
    209,125,12,10,16,7,209,10,12,209,19,16,126,16,9,209,16,14,16,3,209,19,16,7,209,4,12,7,12,4,1,12,5,209,10,
    124,16,125,209,13,8,209,16,2,1,16,5,209,201,193,209,196,209,192,193,193,200,199,211,197,235,209,209,209,209,45,12,15,16,124,
    5,125,209,52,209,61,193,197,235,209,209,209,209,36,8,7,209,52,209,193,197,235,209,209,209,209,36,16,121,209,52,209,192,193,193,
    197,235,209,209,209,209,35,6,124,7,13,8,7,14,209,52,209,193,197,235,209,209,209,209,50,16,5,5,19,16,18,10,209,52,209,
    15,124,7,18,125,8,6,7,201,127,16,5,200,235,209,209,209,209,209,209,209,209,47,16,3,4,50,6,7,15,8,14,199,45,6,
    126,7,15,6,3,18,12,209,52,209,127,16,5,235,209,209,209,209,12,7,13,235,116,200,235,235,196,196,196,196,196,196,196,196,196,
    196,196,196,196,196,196,196,196,196,196,196,196,196,196,196,196,196,196,196,196,196,196,196,196,196,196,196,196,196,196,196,196,196,196,196,
    196,196,196,196,196,196,196,196,196,196,196,196,196,196,196,196,196,196,196,196,196,196,196,196,196,196,235,196,196,209,29,48,51,59,209,
    35,44,30,48,35,45,34,235,196,196,196,196,196,196,196,196,196,196,196,196,196,196,196,196,196,196,196,196,196,196,196,196,196,196,196,
    196,196,196,196,196,196,196,196,196,196,196,196,196,196,196,196,196,196,196,196,196,196,196,196,196,196,196,196,196,196,196,196,196,196,196,
    196,196,196,196,196,196,196,196,235,29,16,19,2,199,35,12,126,16,3,13,2,59,48,13,13,33,16,3,16,14,3,16,1,9,201,
    122,235,209,209,209,209,29,8,125,5,12,209,52,209,211,54,54,209,48,124,125,6,209,35,12,126,16,3,13,209,50,5,16,8,4,
    12,3,211,197,235,209,209,209,209,50,6,7,125,12,7,125,209,52,209,211,48,124,125,6,4,16,125,8,18,16,5,5,120,209,18,
    5,16,8,4,2,209,1,5,16,120,196,125,8,4,12,209,3,12,126,16,3,13,2,197,209,8,7,18,12,7,125,8,127,12,2,
    197,209,126,12,12,10,5,120,209,4,8,5,12,2,125,6,7,12,209,3,12,126,16,3,13,2,197,209,16,7,13,209,16,18,125,
    8,127,12,209,0,124,12,2,125,2,199,211,235,116,200,235,235,29,16,19,2,199,35,12,126,16,3,13,2,59,48,13,13,29,6,
    14,14,5,12,201,211,48,124,125,6,35,12,126,16,3,13,2,211,197,209,122,235,209,209,209,209,29,8,125,5,12,209,52,209,211,
    48,124,125,6,209,50,5,16,8,4,209,35,12,126,16,3,13,2,209,201,44,127,12,3,120,209,194,193,2,200,211,197,235,209,209,
    209,209,45,12,15,16,124,5,125,209,52,209,125,3,124,12,197,235,209,209,209,209,50,16,5,5,19,16,18,10,209,52,209,15,124,
    7,18,125,8,6,7,201,127,16,5,200,235,209,209,209,209,209,209,209,209,47,16,3,4,50,6,7,15,8,14,199,48,124,125,6,
    35,12,126,16,3,13,2,209,52,209,127,16,5,235,209,209,209,209,12,7,13,235,116,200,235,235,5,6,18,16,5,209,15,124,7,
    18,125,8,6,7,209,18,5,16,8,4,48,5,5,48,127,16,8,5,16,19,5,12,35,12,126,16,3,13,2,201,200,235,209,209,
    209,209,5,6,18,16,5,209,18,5,16,8,4,12,13,50,6,124,7,125,209,52,209,193,235,209,209,209,209,8,15,209,40,7,18,
    12,7,125,8,127,12,2,50,5,16,8,4,35,12,4,6,125,12,209,125,9,12,7,235,209,209,209,209,209,209,209,209,1,18,16,
    5,5,201,15,124,7,18,125,8,6,7,201,200,235,209,209,209,209,209,209,209,209,209,209,209,209,40,7,18,12,7,125,8,127,12,
    2,50,5,16,8,4,35,12,4,6,125,12,59,40,7,127,6,10,12,34,12,3,127,12,3,201,200,235,209,209,209,209,209,209,209,
    209,209,209,209,209,18,5,16,8,4,12,13,50,6,124,7,125,209,52,209,18,5,16,8,4,12,13,50,6,124,7,125,209,202,209,
    192,235,209,209,209,209,209,209,209,209,12,7,13,200,235,209,209,209,209,12,7,13,235,209,209,209,209,8,15,209,33,5,16,120,35,
    12,126,16,3,13,2,35,12,4,6,125,12,209,125,9,12,7,235,209,209,209,209,209,209,209,209,15,6,3,209,8,209,52,209,192,
    197,209,192,195,209,13,6,235,209,209,209,209,209,209,209,209,209,209,209,209,1,18,16,5,5,201,15,124,7,18,125,8,6,7,201,
    200,235,209,209,209,209,209,209,209,209,209,209,209,209,209,209,209,209,33,5,16,120,35,12,126,16,3,13,2,35,12,4,6,125,12,
    59,47,8,3,12,34,12,3,127,12,3,201,8,197,209,15,16,5,2,12,200,235,209,209,209,209,209,209,209,209,209,209,209,209,12,
    7,13,200,235,209,209,209,209,209,209,209,209,12,7,13,235,209,209,209,209,209,209,209,209,18,5,16,8,4,12,13,50,6,124,7,
    125,209,52,209,18,5,16,8,4,12,13,50,6,124,7,125,209,202,209,192,235,209,209,209,209,12,7,13,235,209,209,209,209,8,15,
    209,50,5,16,8,4,30,12,12,10,5,120,36,8,5,12,2,125,6,7,12,35,12,126,16,3,13,2,209,125,9,12,7,235,209,
    209,209,209,209,209,209,209,1,18,16,5,5,201,15,124,7,18,125,8,6,7,201,200,235,209,209,209,209,209,209,209,209,209,209,209,
    209,50,5,16,8,4,30,12,12,10,5,120,36,8,5,12,2,125,6,7,12,35,12,126,16,3,13,2,59,47,8,3,12,34,12,
    3,127,12,3,201,200,235,209,209,209,209,209,209,209,209,209,209,209,209,18,5,16,8,4,12,13,50,6,124,7,125,209,52,209,18,
    5,16,8,4,12,13,50,6,124,7,125,209,202,209,192,235,209,209,209,209,209,209,209,209,12,7,13,200,235,209,209,209,209,12,7,
    13,235,209,209,209,209,8,15,209,50,5,16,8,4,32,124,12,2,125,35,12,126,16,3,13,209,125,9,12,7,235,209,209,209,209,
    209,209,209,209,1,18,16,5,5,201,15,124,7,18,125,8,6,7,201,200,235,209,209,209,209,209,209,209,209,209,209,209,209,50,5,
    16,8,4,32,124,12,2,125,35,12,126,16,3,13,59,47,8,3,12,34,12,3,127,12,3,201,200,235,209,209,209,209,209,209,209,
    209,209,209,209,209,18,5,16,8,4,12,13,50,6,124,7,125,209,52,209,18,5,16,8,4,12,13,50,6,124,7,125,209,202,209,
    192,235,209,209,209,209,209,209,209,209,12,7,13,200,235,209,209,209,209,12,7,13,235,209,209,209,209,3,12,125,124,3,7,209,18,
    5,16,8,4,12,13,50,6,124,7,125,235,12,7,13,235,235,29,16,19,2,199,35,12,126,16,3,13,2,59,48,13,13,51,124,
    125,125,6,7,201,122,235,209,209,209,209,29,8,125,5,12,209,52,209,211,50,5,16,8,4,209,48,5,5,209,35,12,126,16,3,
    13,2,209,39,6,126,211,197,235,209,209,209,209,45,12,2,18,3,8,1,125,8,6,7,209,52,209,211,40,7,2,125,16,7,125,
    5,120,209,125,3,8,14,14,12,3,2,209,16,5,5,209,3,12,126,16,3,13,209,3,12,4,6,125,12,2,199,211,197,235,209,
    209,209,209,50,16,5,5,19,16,18,10,209,52,209,15,124,7,18,125,8,6,7,201,200,235,209,209,209,209,209,209,209,209,18,5,
    16,8,4,48,5,5,48,127,16,8,5,16,19,5,12,35,12,126,16,3,13,2,201,200,235,209,209,209,209,209,209,209,209,47,5,
    124,12,7,125,59,39,6,125,8,15,120,201,122,235,209,209,209,209,209,209,209,209,209,209,209,209,29,8,125,5,12,209,52,209,211,
    35,12,126,16,3,13,2,209,50,5,16,8,4,12,13,211,197,235,209,209,209,209,209,209,209,209,209,209,209,209,50,6,7,125,12,
    7,125,209,52,209,211,50,5,16,8,4,209,3,12,4,6,125,12,2,209,15,8,3,12,13,209,2,124,18,18,12,2,2,15,124,
    5,5,120,208,211,197,235,209,209,209,209,209,209,209,209,209,209,209,209,45,124,3,16,125,8,6,7,209,52,209,194,235,209,209,209,
    209,209,209,209,209,116,200,235,209,209,209,209,12,7,13,235,116,200,235,235,196,196,196,196,196,196,196,196,196,196,196,196,196,196,196,
    196,196,196,196,196,196,196,196,196,196,196,196,196,196,196,196,196,196,196,196,196,196,196,196,196,196,196,196,196,196,196,196,196,196,196,
    196,196,196,196,196,196,196,196,196,196,196,196,196,196,196,196,196,196,196,196,235,196,196,209,29,48,51,59,209,29,44,37,44,33,38,
    35,29,34,235,196,196,196,196,196,196,196,196,196,196,196,196,196,196,196,196,196,196,196,196,196,196,196,196,196,196,196,196,196,196,196,
    196,196,196,196,196,196,196,196,196,196,196,196,196,196,196,196,196,196,196,196,196,196,196,196,196,196,196,196,196,196,196,196,196,196,196,
    196,196,196,196,235,5,6,18,16,5,209,29,12,5,12,1,6,3,125,37,6,18,16,125,8,6,7,2,209,52,209,122,235,209,209,
    209,209,26,211,45,12,5,8,127,12,3,120,209,41,124,19,211,20,209,52,209,50,47,3,16,4,12,199,7,12,126,201,192,195,195,
    199,60,197,209,195,195,197,209,196,192,56,195,195,199,63,200,197,235,209,209,209,209,26,211,45,12,16,5,12,3,2,9,8,1,211,
    20,209,52,209,50,47,3,16,4,12,199,7,12,126,201,196,194,192,56,199,63,197,209,192,62,199,60,197,209,196,192,63,60,63,199,
    56,200,197,235,209,209,209,209,26,211,33,6,5,8,18,12,209,34,125,16,125,8,6,7,211,20,209,52,209,50,47,3,16,4,12,
    199,7,12,126,201,192,61,57,199,195,197,209,195,195,197,209,196,192,56,56,192,199,61,200,197,235,209,209,209,209,26,211,38,124,125,
    5,16,126,209,41,8,13,12,6,124,125,211,20,209,52,209,50,47,3,16,4,12,199,7,12,126,201,192,194,60,199,192,197,209,195,
    195,197,209,196,192,57,60,195,199,193,200,197,235,209,209,209,209,26,211,45,3,16,14,209,34,125,3,8,1,211,20,209,52,209,50,
    47,3,16,4,12,199,7,12,126,201,196,192,193,56,195,197,209,195,61,197,209,196,192,192,56,63,200,197,235,209,209,209,209,26,211,
    50,16,3,209,36,12,12,125,211,20,209,52,209,50,47,3,16,4,12,199,7,12,126,201,62,57,199,63,197,209,192,60,197,209,196,
    192,62,192,62,199,195,200,235,116,235,235,5,6,18,16,5,209,29,12,5,12,1,6,3,125,39,16,4,12,2,209,52,209,122,116,
    235,15,6,3,209,7,16,4,12,209,8,7,209,1,16,8,3,2,201,29,12,5,12,1,6,3,125,37,6,18,16,125,8,6,7,
    2,200,209,13,6,235,209,209,209,209,125,16,19,5,12,199,8,7,2,12,3,125,201,29,12,5,12,1,6,3,125,39,16,4,12,
    2,197,209,7,16,4,12,200,235,12,7,13,235,125,16,19,5,12,199,2,6,3,125,201,29,12,5,12,1,6,3,125,39,16,4,
    12,2,200,235,235,5,6,18,16,5,209,34,12,5,12,18,125,12,13,29,12,5,12,1,6,3,125,209,52,209,29,12,5,12,1,
    6,3,125,39,16,4,12,2,26,192,20,235,235,29,16,19,2,199,29,12,5,12,1,6,3,125,2,59,48,13,13,45,3,6,1,
    13,6,126,7,201,211,29,12,5,12,1,6,3,125,45,12,2,125,8,7,16,125,8,6,7,211,197,209,122,235,209,209,209,209,29,
    8,125,5,12,209,52,209,211,34,12,5,12,18,125,209,45,12,2,125,8,7,16,125,8,6,7,211,197,235,209,209,209,209,31,16,
    5,124,12,2,209,52,209,29,12,5,12,1,6,3,125,39,16,4,12,2,197,235,209,209,209,209,45,12,15,16,124,5,125,209,52,
    209,192,197,235,209,209,209,209,50,16,5,5,19,16,18,10,209,52,209,15,124,7,18,125,8,6,7,201,127,16,5,200,235,209,209,
    209,209,209,209,209,209,34,12,5,12,18,125,12,13,29,12,5,12,1,6,3,125,209,52,209,127,16,5,235,209,209,209,209,12,7,
    13,235,116,200,235,235,29,16,19,2,199,29,12,5,12,1,6,3,125,2,59,48,13,13,51,124,125,125,6,7,201,122,235,209,209,
    209,209,29,8,125,5,12,209,52,209,211,29,12,5,12,1,6,3,125,209,125,6,209,45,12,2,125,8,7,16,125,8,6,7,211,
    197,235,209,209,209,209,45,12,2,18,3,8,1,125,8,6,7,209,52,209,211,40,7,2,125,16,7,125,5,120,209,125,12,5,12,
    1,6,3,125,2,209,120,6,124,3,209,18,9,16,3,16,18,125,12,3,199,211,197,235,209,209,209,209,50,16,5,5,19,16,18,
    10,209,52,209,15,124,7,18,125,8,6,7,201,200,235,209,209,209,209,209,209,209,209,5,6,18,16,5,209,18,15,209,52,209,29,
    12,5,12,1,6,3,125,37,6,18,16,125,8,6,7,2,26,34,12,5,12,18,125,12,13,29,12,5,12,1,6,3,125,20,235,
    209,209,209,209,209,209,209,209,8,15,209,18,15,209,125,9,12,7,235,209,209,209,209,209,209,209,209,209,209,209,209,125,12,5,12,
    1,6,3,125,29,6,201,18,15,200,235,209,209,209,209,209,209,209,209,209,209,209,209,47,5,124,12,7,125,59,39,6,125,8,15,
    120,201,122,235,209,209,209,209,209,209,209,209,209,209,209,209,209,209,209,209,29,8,125,5,12,209,52,209,211,29,12,5,12,1,6,
    3,125,12,13,211,197,235,209,209,209,209,209,209,209,209,209,209,209,209,209,209,209,209,50,6,7,125,12,7,125,209,52,209,211,29,
    12,5,12,1,6,3,125,12,13,209,125,6,209,211,209,199,199,209,34,12,5,12,18,125,12,13,29,12,5,12,1,6,3,125,197,
    235,209,209,209,209,209,209,209,209,209,209,209,209,209,209,209,209,45,124,3,16,125,8,6,7,209,52,209,195,235,209,209,209,209,209,
    209,209,209,209,209,209,209,116,200,235,209,209,209,209,209,209,209,209,12,7,13,235,209,209,209,209,12,7,13,235,116,200,235,235,196,
    196,196,196,196,196,196,196,196,196,196,196,196,196,196,196,196,196,196,196,196,196,196,196,196,196,196,196,196,196,196,196,196,196,196,196,
    196,196,196,196,196,196,196,196,196,196,196,196,196,196,196,196,196,196,196,196,196,196,196,196,196,196,196,196,196,196,196,196,196,196,235,
    196,196,209,29,48,51,59,209,34,44,29,29,40,39,46,34,209,207,209,34,48,47,44,29,24,235,196,196,196,196,196,196,196,196,196,
    196,196,196,196,196,196,196,196,196,196,196,196,196,196,196,196,196,196,196,196,196,196,196,196,196,196,196,196,196,196,196,196,196,196,196,
    196,196,196,196,196,196,196,196,196,196,196,196,196,196,196,196,196,196,196,196,196,196,196,196,196,196,235,29,16,19,2,199,34,12,125,
    125,8,7,14,2,59,48,13,13,29,6,14,14,5,12,201,211,48,7,125,8,48,47,42,211,197,209,122,235,209,209,209,209,29,8,
    125,5,12,209,52,209,211,48,7,125,8,196,48,47,42,209,33,3,6,125,12,18,125,8,6,7,211,197,235,209,209,209,209,45,12,
    2,18,3,8,1,125,8,6,7,209,52,209,211,34,8,4,124,5,16,125,12,2,209,8,7,1,124,125,209,126,9,12,7,209,8,
    13,5,12,209,125,6,209,1,3,12,127,12,7,125,209,195,193,196,4,8,7,124,125,12,209,35,6,19,5,6,121,209,10,8,18,
    10,2,199,211,197,235,209,209,209,209,45,12,15,16,124,5,125,209,52,209,125,3,124,12,197,235,209,209,209,209,50,16,5,5,19,
    16,18,10,209,52,209,15,124,7,18,125,8,6,7,201,127,16,5,200,235,209,209,209,209,209,209,209,209,47,16,3,4,50,6,7,
    15,8,14,199,48,7,125,8,48,47,42,209,52,209,127,16,5,235,209,209,209,209,12,7,13,235,116,200,235,235,29,16,19,2,199,
    34,12,125,125,8,7,14,2,59,48,13,13,29,6,14,14,5,12,201,211,47,16,3,4,39,6,18,5,8,1,211,197,209,122,235,
    209,209,209,209,29,8,125,5,12,209,52,209,211,39,6,18,5,8,1,209,45,124,3,8,7,14,209,47,16,3,4,8,7,14,211,
    197,235,209,209,209,209,45,12,2,18,3,8,1,125,8,6,7,209,52,209,211,33,3,12,127,12,7,125,2,209,14,12,125,125,8,
    7,14,209,2,125,124,18,10,209,8,7,2,8,13,12,209,126,16,5,5,2,209,6,3,209,14,3,6,124,7,13,209,126,9,8,
    5,12,209,125,12,5,12,1,6,3,125,8,7,14,199,211,197,235,209,209,209,209,45,12,15,16,124,5,125,209,52,209,125,3,124,
    12,197,235,209,209,209,209,50,16,5,5,19,16,18,10,209,52,209,15,124,7,18,125,8,6,7,201,127,16,5,200,235,209,209,209,
    209,209,209,209,209,47,16,3,4,50,6,7,15,8,14,199,39,6,18,5,8,1,209,52,209,127,16,5,235,209,209,209,209,12,7,
    13,235,116,200,235,235,196,196,209,48,7,125,8,196,48,47,42,209,35,6,124,125,8,7,12,209,201,34,8,4,124,5,16,125,12,
    2,209,4,6,127,12,4,12,7,125,209,207,209,30,48,34,45,209,10,12,120,1,3,12,2,2,12,2,209,12,127,12,3,120,209,
    60,209,4,8,7,124,125,12,2,200,235,5,6,18,16,5,209,16,15,10,35,124,7,7,8,7,14,209,52,209,125,3,124,12,235,
    235,5,6,18,16,5,209,15,124,7,18,125,8,6,7,209,1,12,3,15,6,3,4,48,7,125,8,48,47,42,36,6,127,12,4,
    12,7,125,201,200,235,209,209,209,209,8,15,209,7,6,125,209,47,16,3,4,50,6,7,15,8,14,199,48,7,125,8,48,47,42,
    209,125,9,12,7,209,3,12,125,124,3,7,209,12,7,13,235,209,209,209,209,235,209,209,209,209,196,196,209,192,199,209,31,8,3,
    125,124,16,5,28,2,12,3,209,8,7,125,12,3,16,18,125,8,6,7,235,209,209,209,209,1,18,16,5,5,201,15,124,7,18,
    125,8,6,7,201,200,235,209,209,209,209,209,209,209,209,31,8,3,125,124,16,5,28,2,12,3,59,50,16,1,125,124,3,12,50,
    6,7,125,3,6,5,5,12,3,201,200,235,209,209,209,209,209,209,209,209,31,8,3,125,124,16,5,28,2,12,3,59,50,5,8,
    18,10,51,124,125,125,6,7,195,201,31,12,18,125,6,3,195,199,7,12,126,201,200,200,235,209,209,209,209,12,7,13,200,235,209,
    209,209,209,235,209,209,209,209,196,196,209,195,199,209,34,8,4,124,5,16,125,12,209,30,48,34,45,209,10,12,120,1,3,12,2,
    2,12,2,209,127,8,16,209,31,8,3,125,124,16,5,40,7,1,124,125,36,16,7,16,14,12,3,209,6,3,209,10,12,120,1,
    3,12,2,2,198,10,12,120,3,12,5,12,16,2,12,235,209,209,209,209,5,6,18,16,5,209,127,8,4,209,52,209,7,8,5,
    235,209,209,209,209,1,18,16,5,5,201,15,124,7,18,125,8,6,7,201,200,235,209,209,209,209,209,209,209,209,127,8,4,209,52,
    209,14,16,4,12,59,46,12,125,34,12,3,127,8,18,12,201,211,31,8,3,125,124,16,5,40,7,1,124,125,36,16,7,16,14,
    12,3,211,200,235,209,209,209,209,12,7,13,200,235,209,209,209,209,235,209,209,209,209,5,6,18,16,5,209,10,12,120,2,209,52,
    209,122,235,209,209,209,209,209,209,209,209,122,44,7,124,4,199,42,12,120,50,6,13,12,199,30,197,209,193,121,60,62,116,197,235,
    209,209,209,209,209,209,209,209,122,44,7,124,4,199,42,12,120,50,6,13,12,199,48,197,209,193,121,61,192,116,197,235,209,209,209,
    209,209,209,209,209,122,44,7,124,4,199,42,12,120,50,6,13,12,199,34,197,209,193,121,60,194,116,197,235,209,209,209,209,209,209,
    209,209,122,44,7,124,4,199,42,12,120,50,6,13,12,199,45,197,209,193,121,61,61,116,235,209,209,209,209,116,235,209,209,209,209,
    235,209,209,209,209,15,6,3,209,22,197,209,10,209,8,7,209,8,1,16,8,3,2,201,10,12,120,2,200,209,13,6,235,209,209,
    209,209,209,209,209,209,5,6,18,16,5,209,10,12,120,18,6,13,12,209,52,209,10,26,192,20,235,209,209,209,209,209,209,209,209,
    5,6,18,16,5,209,10,12,120,127,16,5,209,52,209,10,26,195,20,235,209,209,209,209,209,209,209,209,235,209,209,209,209,209,209,
    209,209,8,15,209,127,8,4,209,125,9,12,7,235,209,209,209,209,209,209,209,209,209,209,209,209,1,18,16,5,5,201,15,124,7,
    18,125,8,6,7,201,200,235,209,209,209,209,209,209,209,209,209,209,209,209,209,209,209,209,127,8,4,59,34,12,7,13,42,12,120,
    44,127,12,7,125,201,125,3,124,12,197,209,10,12,120,18,6,13,12,197,209,15,16,5,2,12,197,209,14,16,4,12,200,235,209,
    209,209,209,209,209,209,209,209,209,209,209,209,209,209,209,125,16,2,10,199,126,16,8,125,201,193,199,192,200,235,209,209,209,209,209,
    209,209,209,209,209,209,209,209,209,209,209,127,8,4,59,34,12,7,13,42,12,120,44,127,12,7,125,201,15,16,5,2,12,197,209,
    10,12,120,18,6,13,12,197,209,15,16,5,2,12,197,209,14,16,4,12,200,235,209,209,209,209,209,209,209,209,209,209,209,209,12,
    7,13,200,235,209,209,209,209,209,209,209,209,12,5,2,12,8,15,209,10,12,120,1,3,12,2,2,209,16,7,13,209,10,12,120,
    3,12,5,12,16,2,12,209,125,9,12,7,235,209,209,209,209,209,209,209,209,209,209,209,209,1,18,16,5,5,201,15,124,7,18,
    125,8,6,7,201,200,235,209,209,209,209,209,209,209,209,209,209,209,209,209,209,209,209,10,12,120,1,3,12,2,2,201,10,12,120,
    127,16,5,200,235,209,209,209,209,209,209,209,209,209,209,209,209,209,209,209,209,125,16,2,10,199,126,16,8,125,201,193,199,192,200,
    235,209,209,209,209,209,209,209,209,209,209,209,209,209,209,209,209,10,12,120,3,12,5,12,16,2,12,201,10,12,120,127,16,5,200,
    235,209,209,209,209,209,209,209,209,209,209,209,209,12,7,13,200,235,209,209,209,209,209,209,209,209,12,7,13,235,209,209,209,209,209,
    209,209,209,125,16,2,10,199,126,16,8,125,201,193,199,193,60,200,235,209,209,209,209,12,7,13,235,209,209,209,209,235,209,209,209,
    209,196,196,209,194,199,209,41,124,4,16,7,6,8,13,209,30,16,5,10,209,45,8,3,12,18,125,8,6,7,209,7,124,13,14,
    12,209,15,16,5,5,19,16,18,10,209,201,124,7,8,127,12,3,2,16,5,209,12,121,12,18,124,125,6,3,209,18,6,4,1,
    16,125,8,19,8,5,8,125,120,200,235,209,209,209,209,5,6,18,16,5,209,18,9,16,3,209,52,209,37,6,18,16,5,33,5,
    16,120,12,3,199,50,9,16,3,16,18,125,12,3,235,209,209,209,209,5,6,18,16,5,209,9,124,4,209,52,209,18,9,16,3,
    209,16,7,13,209,18,9,16,3,59,47,8,7,13,47,8,3,2,125,50,9,8,5,13,38,15,50,5,16,2,2,201,211,41,124,
    4,16,7,6,8,13,211,200,235,209,209,209,209,8,15,209,9,124,4,209,16,7,13,209,7,6,125,209,47,16,3,4,50,6,7,
    15,8,14,199,48,124,125,6,45,12,5,8,127,12,3,120,209,16,7,13,209,7,6,125,209,47,16,3,4,50,6,7,15,8,14,
    199,48,124,125,6,38,124,125,5,16,126,209,125,9,12,7,235,209,209,209,209,209,209,209,209,5,6,18,16,5,209,13,8,3,2,
    209,52,209,122,31,12,18,125,6,3,194,199,7,12,126,201,193,197,209,193,197,209,196,192,200,197,209,31,12,18,125,6,3,194,199,
    7,12,126,201,196,192,197,209,193,197,209,193,200,197,209,31,12,18,125,6,3,194,199,7,12,126,201,193,197,209,193,197,209,192,200,
    197,209,31,12,18,125,6,3,194,199,7,12,126,201,192,197,209,193,197,209,193,200,116,235,209,209,209,209,209,209,209,209,15,6,3,
    209,22,197,209,13,8,3,209,8,7,209,8,1,16,8,3,2,201,13,8,3,2,200,209,13,6,235,209,209,209,209,209,209,209,209,
    209,209,209,209,9,124,4,59,36,6,127,12,201,13,8,3,197,209,15,16,5,2,12,200,235,209,209,209,209,209,209,209,209,209,209,
    209,209,125,16,2,10,199,126,16,8,125,201,193,199,192,200,235,209,209,209,209,209,209,209,209,12,7,13,235,209,209,209,209,209,209,
    209,209,9,124,4,59,36,6,127,12,201,31,12,18,125,6,3,194,199,123,12,3,6,197,209,15,16,5,2,12,200,235,209,209,209,
    209,12,7,13,235,12,7,13,235,235,196,196,209,41,6,6,10,209,40,13,5,12,13,209,2,8,14,7,16,5,235,5,6,18,16,
    5,209,16,15,10,50,6,7,7,209,52,209,37,6,18,16,5,33,5,16,120,12,3,199,40,13,5,12,13,59,50,6,7,7,12,
    18,125,201,15,124,7,18,125,8,6,7,201,200,235,209,209,209,209,8,15,209,47,16,3,4,50,6,7,15,8,14,199,48,7,125,
    8,48,47,42,209,125,9,12,7,235,209,209,209,209,209,209,209,209,1,12,3,15,6,3,4,48,7,125,8,48,47,42,36,6,127,
    12,4,12,7,125,201,200,235,209,209,209,209,12,7,13,235,12,7,13,200,235,235,196,196,209,60,196,36,8,7,124,125,12,209,35,
    12,18,124,3,3,8,7,14,209,30,48,34,45,209,36,6,127,12,4,12,7,125,209,37,6,6,1,235,125,16,2,10,199,2,1,
    16,126,7,201,15,124,7,18,125,8,6,7,201,200,235,209,209,209,209,126,9,8,5,12,209,16,15,10,35,124,7,7,8,7,14,
    209,13,6,235,209,209,209,209,209,209,209,209,125,16,2,10,199,126,16,8,125,201,194,193,193,200,209,196,196,209,60,209,4,8,7,
    124,125,12,2,209,201,194,193,193,209,2,12,18,6,7,13,2,200,235,209,209,209,209,209,209,209,209,8,15,209,7,6,125,209,16,
    15,10,35,124,7,7,8,7,14,209,6,3,209,47,5,124,12,7,125,199,28,7,5,6,16,13,12,13,209,125,9,12,7,209,19,
    3,12,16,10,209,12,7,13,235,209,209,209,209,209,209,209,209,8,15,209,47,16,3,4,50,6,7,15,8,14,199,48,7,125,8,
    48,47,42,209,125,9,12,7,235,209,209,209,209,209,209,209,209,209,209,209,209,1,12,3,15,6,3,4,48,7,125,8,48,47,42,
    36,6,127,12,4,12,7,125,201,200,235,209,209,209,209,209,209,209,209,12,7,13,235,209,209,209,209,12,7,13,235,12,7,13,200,
    235,235,196,196,209,39,6,18,5,8,1,209,34,125,12,1,1,12,13,209,41,6,6,10,235,5,6,18,16,5,209,7,6,18,5,
    8,1,50,6,7,7,209,52,209,35,124,7,34,12,3,127,8,18,12,199,34,125,12,1,1,12,13,59,50,6,7,7,12,18,125,
    201,15,124,7,18,125,8,6,7,201,200,235,209,209,209,209,8,15,209,47,16,3,4,50,6,7,15,8,14,199,39,6,18,5,8,
    1,209,16,7,13,209,201,47,16,3,4,50,6,7,15,8,14,199,48,124,125,6,45,12,5,8,127,12,3,120,209,6,3,209,47,
    16,3,4,50,6,7,15,8,14,199,48,124,125,6,38,124,125,5,16,126,200,209,125,9,12,7,235,209,209,209,209,209,209,209,209,
    5,6,18,16,5,209,18,9,16,3,209,52,209,37,6,18,16,5,33,5,16,120,12,3,199,50,9,16,3,16,18,125,12,3,235,
    209,209,209,209,209,209,209,209,8,15,209,18,9,16,3,209,125,9,12,7,235,209,209,209,209,209,209,209,209,209,209,209,209,15,6,
    3,209,22,197,209,1,16,3,125,209,8,7,209,8,1,16,8,3,2,201,18,9,16,3,59,46,12,125,45,12,2,18,12,7,13,
    16,7,125,2,201,200,200,209,13,6,235,209,209,209,209,209,209,209,209,209,209,209,209,209,209,209,209,8,15,209,1,16,3,125,59,
    40,2,48,201,211,51,16,2,12,33,16,3,125,211,200,209,16,7,13,209,1,16,3,125,199,50,16,7,50,6,5,5,8,13,12,
    209,125,9,12,7,235,209,209,209,209,209,209,209,209,209,209,209,209,209,209,209,209,209,209,209,209,1,16,3,125,199,50,16,7,50,
    6,5,5,8,13,12,209,52,209,15,16,5,2,12,235,209,209,209,209,209,209,209,209,209,209,209,209,209,209,209,209,12,7,13,235,
    209,209,209,209,209,209,209,209,209,209,209,209,12,7,13,235,209,209,209,209,209,209,209,209,12,7,13,235,209,209,209,209,12,7,13,
    235,12,7,13,200,235,235,196,196,209,40,7,2,125,16,7,125,209,29,6,1,209,34,1,12,12,13,209,41,12,16,3,125,19,12,
    16,125,209,41,6,6,10,235,5,6,18,16,5,209,127,12,9,8,18,5,12,34,1,12,12,13,50,6,7,7,209,52,209,35,124,
    7,34,12,3,127,8,18,12,199,41,12,16,3,125,19,12,16,125,59,50,6,7,7,12,18,125,201,15,124,7,18,125,8,6,7,
    201,200,235,209,209,209,209,8,15,209,7,6,125,209,47,16,3,4,50,6,7,15,8,14,199,40,7,2,125,16,7,125,29,6,1,
    34,1,12,12,13,209,125,9,12,7,209,3,12,125,124,3,7,209,12,7,13,235,209,209,209,209,235,209,209,209,209,5,6,18,16,
    5,209,18,9,16,3,209,52,209,37,6,18,16,5,33,5,16,120,12,3,199,50,9,16,3,16,18,125,12,3,235,209,209,209,209,
    5,6,18,16,5,209,9,124,4,209,52,209,18,9,16,3,209,16,7,13,209,18,9,16,3,59,47,8,7,13,47,8,3,2,125,
    50,9,8,5,13,38,15,50,5,16,2,2,201,211,41,124,4,16,7,6,8,13,211,200,235,209,209,209,209,5,6,18,16,5,209,
    2,12,16,125,209,52,209,9,124,4,209,16,7,13,209,9,124,4,199,34,12,16,125,33,16,3,125,235,209,209,209,209,8,15,209,
    7,6,125,209,2,12,16,125,209,6,3,209,7,6,125,209,2,12,16,125,59,40,2,48,201,211,31,12,9,8,18,5,12,34,12,
    16,125,211,200,209,125,9,12,7,209,3,12,125,124,3,7,209,12,7,13,235,209,209,209,209,235,209,209,209,209,196,196,209,50,9,
    12,18,10,209,8,15,209,13,3,8,127,12,3,209,8,2,209,16,18,125,8,127,12,5,120,209,1,3,12,2,2,8,7,14,209,
    15,6,3,126,16,3,13,209,201,29,9,3,6,125,125,5,12,209,55,209,193,209,6,3,209,42,12,120,209,30,209,198,209,28,1,
    200,235,209,209,209,209,5,6,18,16,5,209,124,8,2,209,52,209,14,16,4,12,59,46,12,125,34,12,3,127,8,18,12,201,211,
    28,2,12,3,40,7,1,124,125,34,12,3,127,8,18,12,211,200,235,209,209,209,209,5,6,18,16,5,209,8,2,45,3,8,127,
    8,7,14,47,6,3,126,16,3,13,209,52,209,2,12,16,125,199,29,9,3,6,125,125,5,12,209,55,209,193,209,6,3,209,124,
    8,2,59,40,2,42,12,120,45,6,126,7,201,44,7,124,4,199,42,12,120,50,6,13,12,199,30,200,209,6,3,209,124,8,2,
    59,40,2,42,12,120,45,6,126,7,201,44,7,124,4,199,42,12,120,50,6,13,12,199,28,1,200,235,209,209,209,209,5,6,18,
    16,5,209,8,2,45,3,8,127,8,7,14,35,12,127,12,3,2,12,209,52,209,2,12,16,125,199,29,9,3,6,125,125,5,12,
    209,53,209,193,209,6,3,209,124,8,2,59,40,2,42,12,120,45,6,126,7,201,44,7,124,4,199,42,12,120,50,6,13,12,199,
    34,200,209,6,3,209,124,8,2,59,40,2,42,12,120,45,6,126,7,201,44,7,124,4,199,42,12,120,50,6,13,12,199,45,6,
    126,7,200,235,209,209,209,209,235,209,209,209,209,8,15,209,8,2,45,3,8,127,8,7,14,47,6,3,126,16,3,13,209,125,9,
    12,7,235,209,209,209,209,209,209,209,209,5,6,18,16,5,209,125,16,3,14,12,125,31,12,5,6,18,8,125,120,209,52,209,2,
    12,16,125,199,50,47,3,16,4,12,199,37,6,6,10,31,12,18,125,6,3,209,203,209,201,47,16,3,4,50,6,7,15,8,14,
    199,29,6,1,34,1,12,12,13,31,16,5,124,12,209,6,3,209,194,60,193,200,235,209,209,209,209,209,209,209,209,196,196,209,36,
    16,8,7,125,16,8,7,209,18,124,3,3,12,7,125,209,127,12,3,125,8,18,16,5,209,127,12,5,6,18,8,125,120,209,15,
    6,3,209,14,3,16,127,8,125,120,198,19,124,4,1,2,209,126,9,8,5,12,209,19,6,6,2,125,8,7,14,209,15,6,3,
    126,16,3,13,209,2,1,12,12,13,235,209,209,209,209,209,209,209,209,2,12,16,125,199,48,2,2,12,4,19,5,120,37,8,7,
    12,16,3,31,12,5,6,18,8,125,120,209,52,209,31,12,18,125,6,3,194,199,7,12,126,201,125,16,3,14,12,125,31,12,5,
    6,18,8,125,120,199,25,197,209,2,12,16,125,199,48,2,2,12,4,19,5,120,37,8,7,12,16,3,31,12,5,6,18,8,125,
    120,199,24,197,209,125,16,3,14,12,125,31,12,5,6,18,8,125,120,199,27,200,235,209,209,209,209,12,5,2,12,8,15,209,8,
    2,45,3,8,127,8,7,14,35,12,127,12,3,2,12,209,125,9,12,7,235,209,209,209,209,209,209,209,209,5,6,18,16,5,209,
    125,16,3,14,12,125,31,12,5,6,18,8,125,120,209,52,209,196,2,12,16,125,199,50,47,3,16,4,12,199,37,6,6,10,31,
    12,18,125,6,3,209,203,209,201,201,47,16,3,4,50,6,7,15,8,14,199,29,6,1,34,1,12,12,13,31,16,5,124,12,209,
    6,3,209,194,60,193,200,209,203,209,193,199,61,200,235,209,209,209,209,209,209,209,209,2,12,16,125,199,48,2,2,12,4,19,5,
    120,37,8,7,12,16,3,31,12,5,6,18,8,125,120,209,52,209,31,12,18,125,6,3,194,199,7,12,126,201,125,16,3,14,12,
    125,31,12,5,6,18,8,125,120,199,25,197,209,2,12,16,125,199,48,2,2,12,4,19,5,120,37,8,7,12,16,3,31,12,5,
    6,18,8,125,120,199,24,197,209,125,16,3,14,12,125,31,12,5,6,18,8,125,120,199,27,200,235,209,209,209,209,12,7,13,235,
    209,209,209,209,235,209,209,209,209,196,196,209,195,199,209,50,16,3,209,41,16,7,13,5,8,7,14,209,207,209,34,125,16,19,8,
    5,8,125,120,209,44,7,9,16,7,18,12,4,12,7,125,2,235,209,209,209,209,8,15,209,47,16,3,4,50,6,7,15,8,14,
    199,50,16,3,34,125,16,19,8,5,8,123,12,3,209,6,3,209,47,16,3,4,50,6,7,15,8,14,199,48,7,125,8,34,1,
    8,7,209,6,3,209,201,47,16,3,4,50,6,7,15,8,14,199,45,6,126,7,15,6,3,18,12,209,16,7,13,209,47,16,3,
    4,50,6,7,15,8,14,199,45,6,126,7,15,6,3,18,12,209,55,209,193,200,209,125,9,12,7,235,209,209,209,209,209,209,209,
    209,5,6,18,16,5,209,18,124,3,3,12,7,125,48,7,14,31,12,5,209,52,209,2,12,16,125,199,48,2,2,12,4,19,5,
    120,48,7,14,124,5,16,3,31,12,5,6,18,8,125,120,235,209,209,209,209,209,209,209,209,5,6,18,16,5,209,18,15,209,52,
    209,2,12,16,125,199,50,47,3,16,4,12,235,209,209,209,209,209,209,209,209,5,6,18,16,5,209,5,6,6,10,209,52,209,18,
    15,199,37,6,6,10,31,12,18,125,6,3,235,209,209,209,209,209,209,209,209,5,6,18,16,5,209,124,1,209,52,209,18,15,199,
    28,1,31,12,18,125,6,3,235,209,209,209,209,209,209,209,209,5,6,18,16,5,209,3,8,14,9,125,209,52,209,18,15,199,35,
    8,14,9,125,31,12,18,125,6,3,235,209,209,209,209,209,209,209,209,235,209,209,209,209,209,209,209,209,196,196,209,48,199,209,48,
    7,125,8,196,47,5,8,1,209,198,209,35,6,5,5,209,207,209,33,8,125,18,9,209,34,125,16,19,8,5,8,123,16,125,8,
    6,7,209,201,28,1,3,8,14,9,125,209,50,6,3,3,12,18,125,8,6,7,200,235,209,209,209,209,209,209,209,209,8,15,209,
    47,16,3,4,50,6,7,15,8,14,199,50,16,3,34,125,16,19,8,5,8,123,12,3,209,125,9,12,7,235,209,209,209,209,209,
    209,209,209,209,209,209,209,196,196,209,50,9,12,18,10,209,125,8,5,125,209,16,7,14,5,12,209,15,3,6,4,209,126,6,3,
    5,13,209,127,12,3,125,8,18,16,5,209,201,31,12,18,125,6,3,194,199,120,48,121,8,2,200,235,209,209,209,209,209,209,209,
    209,209,209,209,209,5,6,18,16,5,209,125,8,5,125,209,52,209,124,1,59,45,6,125,201,31,12,18,125,6,3,194,199,120,48,
    121,8,2,200,235,209,209,209,209,209,209,209,209,209,209,209,209,8,15,209,125,8,5,125,209,53,209,193,199,56,57,209,125,9,12,
    7,235,209,209,209,209,209,209,209,209,209,209,209,209,209,209,209,209,196,196,209,48,1,1,5,120,209,18,6,3,3,12,18,125,8,
    127,12,209,16,7,14,124,5,16,3,209,127,12,5,6,18,8,125,120,209,125,6,209,10,12,12,1,209,127,12,9,8,18,5,12,
    209,15,5,16,125,209,6,7,209,14,3,6,124,7,13,235,209,209,209,209,209,209,209,209,209,209,209,209,209,209,209,209,5,6,18,
    16,5,209,3,6,5,5,50,6,3,3,12,18,125,8,6,7,209,52,209,196,3,8,14,9,125,59,45,6,125,201,31,12,18,125,
    6,3,194,199,120,48,121,8,2,200,209,203,209,57,235,209,209,209,209,209,209,209,209,209,209,209,209,209,209,209,209,5,6,18,16,
    5,209,1,8,125,18,9,50,6,3,3,12,18,125,8,6,7,209,52,209,5,6,6,10,59,45,6,125,201,31,12,18,125,6,3,
    194,199,120,48,121,8,2,200,209,203,209,57,235,209,209,209,209,209,209,209,209,209,209,209,209,209,209,209,209,2,12,16,125,199,48,
    2,2,12,4,19,5,120,48,7,14,124,5,16,3,31,12,5,6,18,8,125,120,209,52,209,31,12,18,125,6,3,194,199,7,12,
    126,201,235,209,209,209,209,209,209,209,209,209,209,209,209,209,209,209,209,209,209,209,209,18,124,3,3,12,7,125,48,7,14,31,12,
    5,199,25,209,202,209,1,8,125,18,9,50,6,3,3,12,18,125,8,6,7,209,203,209,193,199,192,60,197,235,209,209,209,209,209,
    209,209,209,209,209,209,209,209,209,209,209,209,209,209,209,18,124,3,3,12,7,125,48,7,14,31,12,5,199,24,197,235,209,209,209,
    209,209,209,209,209,209,209,209,209,209,209,209,209,209,209,209,209,18,124,3,3,12,7,125,48,7,14,31,12,5,199,27,209,202,209,
    3,6,5,5,50,6,3,3,12,18,125,8,6,7,209,203,209,193,199,192,60,235,209,209,209,209,209,209,209,209,209,209,209,209,209,
    209,209,209,200,235,209,209,209,209,209,209,209,209,209,209,209,209,12,7,13,235,209,209,209,209,209,209,209,209,12,7,13,235,209,209,
    209,209,209,209,209,209,235,209,209,209,209,209,209,209,209,196,196,209,51,199,209,48,7,125,8,196,34,1,8,7,209,198,209,38,127,
    12,3,2,125,12,12,3,209,45,16,4,1,12,7,8,7,14,209,201,29,3,16,18,125,8,6,7,209,48,2,2,8,2,125,200,
    235,209,209,209,209,209,209,209,209,8,15,209,47,16,3,4,50,6,7,15,8,14,199,48,7,125,8,34,1,8,7,209,125,9,12,
    7,235,209,209,209,209,209,209,209,209,209,209,209,209,5,6,18,16,5,209,2,125,12,12,3,40,7,1,124,125,209,52,209,2,12,
    16,125,199,34,125,12,12,3,235,209,209,209,209,209,209,209,209,209,209,209,209,196,196,209,45,16,4,1,12,7,209,12,121,18,12,
    2,2,8,127,12,209,120,16,126,209,16,7,14,124,5,16,3,209,127,12,5,6,18,8,125,120,209,126,9,12,7,209,7,6,125,
    209,9,12,16,127,8,5,120,209,2,125,12,12,3,8,7,14,235,209,209,209,209,209,209,209,209,209,209,209,209,8,15,209,4,16,
    125,9,199,16,19,2,201,2,125,12,12,3,40,7,1,124,125,200,209,53,209,193,199,195,209,16,7,13,209,4,16,125,9,199,16,
    19,2,201,18,124,3,3,12,7,125,48,7,14,31,12,5,199,24,200,209,55,209,193,199,57,209,125,9,12,7,235,209,209,209,209,
    209,209,209,209,209,209,209,209,209,209,209,209,2,12,16,125,199,48,2,2,12,4,19,5,120,48,7,14,124,5,16,3,31,12,5,
    6,18,8,125,120,209,52,209,31,12,18,125,6,3,194,199,7,12,126,201,235,209,209,209,209,209,209,209,209,209,209,209,209,209,209,
    209,209,209,209,209,209,2,12,16,125,199,48,2,2,12,4,19,5,120,48,7,14,124,5,16,3,31,12,5,6,18,8,125,120,199,
    25,197,235,209,209,209,209,209,209,209,209,209,209,209,209,209,209,209,209,209,209,209,209,18,124,3,3,12,7,125,48,7,14,31,12,
    5,199,24,209,203,209,193,199,57,60,197,235,209,209,209,209,209,209,209,209,209,209,209,209,209,209,209,209,209,209,209,209,2,12,16,
    125,199,48,2,2,12,4,19,5,120,48,7,14,124,5,16,3,31,12,5,6,18,8,125,120,199,27,235,209,209,209,209,209,209,209,
    209,209,209,209,209,209,209,209,209,200,235,209,209,209,209,209,209,209,209,209,209,209,209,12,7,13,235,209,209,209,209,209,209,209,209,
    209,209,209,209,235,209,209,209,209,209,209,209,209,209,209,209,209,196,196,209,33,3,12,127,12,7,125,209,9,6,3,8,123,6,7,
    125,16,5,209,2,5,8,13,8,7,14,209,198,209,2,8,13,12,126,16,120,2,209,13,3,8,15,125,209,2,5,8,1,1,8,
    7,14,235,209,209,209,209,209,209,209,209,209,209,209,209,5,6,18,16,5,209,5,8,7,31,12,5,209,52,209,2,12,16,125,199,
    48,2,2,12,4,19,5,120,37,8,7,12,16,3,31,12,5,6,18,8,125,120,235,209,209,209,209,209,209,209,209,209,209,209,209,
    5,6,18,16,5,209,2,8,13,12,34,1,12,12,13,209,52,209,3,8,14,9,125,59,45,6,125,201,5,8,7,31,12,5,200,
    235,209,209,209,209,209,209,209,209,209,209,209,209,8,15,209,4,16,125,9,199,16,19,2,201,2,8,13,12,34,1,12,12,13,200,
    209,55,209,192,60,209,16,7,13,209,4,16,125,9,199,16,19,2,201,2,125,12,12,3,40,7,1,124,125,200,209,53,209,193,199,
    194,209,125,9,12,7,235,209,209,209,209,209,209,209,209,209,209,209,209,209,209,209,209,196,196,209,45,16,4,1,12,7,209,5,16,
    125,12,3,16,5,209,13,3,8,15,125,209,127,12,5,6,18,8,125,120,209,125,6,209,10,12,12,1,209,18,16,3,209,6,7,
    209,125,3,16,18,10,235,209,209,209,209,209,209,209,209,209,209,209,209,209,209,209,209,5,6,18,16,5,209,5,16,125,12,3,16,
    5,50,6,3,3,12,18,125,8,6,7,209,52,209,3,8,14,9,125,209,203,209,201,2,8,13,12,34,1,12,12,13,209,203,209,
    193,199,192,200,235,209,209,209,209,209,209,209,209,209,209,209,209,209,209,209,209,2,12,16,125,199,48,2,2,12,4,19,5,120,37,
    8,7,12,16,3,31,12,5,6,18,8,125,120,209,52,209,2,12,16,125,199,48,2,2,12,4,19,5,120,37,8,7,12,16,3,
    31,12,5,6,18,8,125,120,209,196,209,5,16,125,12,3,16,5,50,6,3,3,12,18,125,8,6,7,235,209,209,209,209,209,209,
    209,209,209,209,209,209,12,7,13,235,209,209,209,209,209,209,209,209,12,7,13,235,209,209,209,209,209,209,209,209,235,209,209,209,209,
    209,209,209,209,196,196,209,50,199,209,48,12,3,6,13,120,7,16,4,8,18,209,45,6,126,7,15,6,3,18,12,209,201,33,124,
    2,9,12,2,209,125,8,3,12,2,209,15,8,3,4,5,120,209,125,6,209,3,6,16,13,200,235,209,209,209,209,209,209,209,209,
    8,15,209,47,16,3,4,50,6,7,15,8,14,199,45,6,126,7,15,6,3,18,12,209,16,7,13,209,47,16,3,4,50,6,7,
    15,8,14,199,45,6,126,7,15,6,3,18,12,209,55,209,193,209,125,9,12,7,235,209,209,209,209,209,209,209,209,209,209,209,209,
    5,6,18,16,5,209,2,1,12,12,13,209,52,209,2,12,16,125,199,48,2,2,12,4,19,5,120,37,8,7,12,16,3,31,12,
    5,6,18,8,125,120,199,36,16,14,7,8,125,124,13,12,235,209,209,209,209,209,209,209,209,209,209,209,209,8,15,209,2,1,12,
    12,13,209,55,209,194,193,209,125,9,12,7,235,209,209,209,209,209,209,209,209,209,209,209,209,209,209,209,209,5,6,18,16,5,209,
    13,6,126,7,15,6,3,18,12,48,4,6,124,7,125,209,52,209,4,16,125,9,199,18,5,16,4,1,201,201,2,1,12,12,13,
    209,198,209,192,193,193,200,209,203,209,201,47,16,3,4,50,6,7,15,8,14,199,45,6,126,7,15,6,3,18,12,209,203,209,193,
    199,61,200,197,209,60,197,209,60,193,200,235,209,209,209,209,209,209,209,209,209,209,209,209,209,209,209,209,2,12,16,125,199,48,2,
    2,12,4,19,5,120,37,8,7,12,16,3,31,12,5,6,18,8,125,120,209,52,209,2,12,16,125,199,48,2,2,12,4,19,5,
    120,37,8,7,12,16,3,31,12,5,6,18,8,125,120,209,196,209,31,12,18,125,6,3,194,199,7,12,126,201,193,197,209,13,6,
    126,7,15,6,3,18,12,48,4,6,124,7,125,209,203,209,193,199,193,60,197,209,193,200,235,209,209,209,209,209,209,209,209,209,209,
    209,209,12,7,13,235,209,209,209,209,209,209,209,209,12,7,13,235,209,209,209,209,12,7,13,235,12,7,13,200,235,235,196,196,209,
    28,7,5,8,4,8,125,12,13,209,39,8,125,3,6,209,41,6,6,10,235,5,6,18,16,5,209,6,3,8,14,8,7,16,5,
    28,1,13,16,125,12,51,6,6,2,125,209,52,209,7,8,5,235,8,15,209,50,9,16,2,2,8,2,28,125,8,5,2,209,16,
    7,13,209,50,9,16,2,2,8,2,28,125,8,5,2,199,28,1,13,16,125,12,51,6,6,2,125,209,125,9,12,7,235,209,209,
    209,209,6,3,8,14,8,7,16,5,28,1,13,16,125,12,51,6,6,2,125,209,52,209,50,9,16,2,2,8,2,28,125,8,5,
    2,199,28,1,13,16,125,12,51,6,6,2,125,235,209,209,209,209,50,9,16,2,2,8,2,28,125,8,5,2,199,28,1,13,16,
    125,12,51,6,6,2,125,209,52,209,15,124,7,18,125,8,6,7,201,1,192,197,209,1,195,197,209,1,194,197,209,1,61,200,235,
    209,209,209,209,209,209,209,209,8,15,209,47,16,3,4,50,6,7,15,8,14,199,40,7,15,8,7,8,125,12,39,8,125,3,6,
    209,16,7,13,209,1,192,209,125,9,12,7,235,209,209,209,209,209,209,209,209,209,209,209,209,5,6,18,16,5,209,4,16,121,34,
    124,1,1,5,120,209,52,209,201,1,192,199,29,124,7,12,209,16,7,13,209,1,192,199,29,124,7,12,199,39,8,125,3,6,124,
    2,34,124,1,1,5,120,29,8,4,12,200,209,6,3,209,192,193,235,209,209,209,209,209,209,209,209,209,209,209,209,1,192,199,50,
    124,3,3,12,7,125,51,6,6,2,125,34,124,1,1,5,120,209,52,209,4,16,121,34,124,1,1,5,120,235,209,209,209,209,209,
    209,209,209,209,209,209,209,8,15,209,50,9,16,2,2,8,2,28,40,50,6,7,125,3,6,5,5,12,3,209,16,7,13,209,50,
    9,16,2,2,8,2,28,40,50,6,7,125,3,6,5,5,12,3,199,28,1,13,16,125,12,51,6,6,2,125,45,8,2,1,5,
    16,120,209,125,9,12,7,235,209,209,209,209,209,209,209,209,209,209,209,209,209,209,209,209,1,18,16,5,5,201,15,124,7,18,125,
    8,6,7,201,200,235,209,209,209,209,209,209,209,209,209,209,209,209,209,209,209,209,209,209,209,209,50,9,16,2,2,8,2,28,40,
    50,6,7,125,3,6,5,5,12,3,199,28,1,13,16,125,12,51,6,6,2,125,45,8,2,1,5,16,120,201,4,16,121,34,124,
    1,1,5,120,197,209,4,16,121,34,124,1,1,5,120,200,235,209,209,209,209,209,209,209,209,209,209,209,209,209,209,209,209,12,7,
    13,200,235,209,209,209,209,209,209,209,209,209,209,209,209,12,7,13,235,209,209,209,209,209,209,209,209,12,7,13,235,209,209,209,209,
    209,209,209,209,3,12,125,124,3,7,209,6,3,8,14,8,7,16,5,28,1,13,16,125,12,51,6,6,2,125,201,1,192,197,209,
    1,195,197,209,1,194,197,209,1,61,200,235,209,209,209,209,12,7,13,235,12,7,13,235,235,196,196,209,34,125,16,125,2,209,28,
    40,209,35,12,15,3,12,2,9,235,5,6,18,16,5,209,15,124,7,18,125,8,6,7,209,124,1,13,16,125,12,34,125,16,125,
    2,28,40,201,200,235,209,209,209,209,5,6,18,16,5,209,18,124,3,3,12,7,125,50,16,2,9,209,52,209,193,235,209,209,209,
    209,8,15,209,37,6,18,16,5,33,5,16,120,12,3,59,47,8,7,13,47,8,3,2,125,50,9,8,5,13,201,211,5,12,16,
    13,12,3,2,125,16,125,2,211,200,209,16,7,13,209,37,6,18,16,5,33,5,16,120,12,3,199,5,12,16,13,12,3,2,125,
    16,125,2,59,47,8,7,13,47,8,3,2,125,50,9,8,5,13,201,211,50,16,2,9,211,200,209,125,9,12,7,235,209,209,209,
    209,209,209,209,209,18,124,3,3,12,7,125,50,16,2,9,209,52,209,37,6,18,16,5,33,5,16,120,12,3,199,5,12,16,13,
    12,3,2,125,16,125,2,199,50,16,2,9,199,31,16,5,124,12,235,209,209,209,209,12,7,13,235,209,209,209,209,34,125,16,125,
    2,199,50,16,2,9,44,16,3,7,12,13,209,52,209,4,16,125,9,199,4,16,121,201,193,197,209,18,124,3,3,12,7,125,50,
    16,2,9,209,196,209,34,125,16,125,2,199,34,125,16,3,125,50,16,2,9,200,235,209,209,209,209,235,209,209,209,209,5,6,18,
    16,5,209,18,9,16,3,209,52,209,37,6,18,16,5,33,5,16,120,12,3,199,50,9,16,3,16,18,125,12,3,235,209,209,209,
    209,8,15,209,18,9,16,3,209,125,9,12,7,235,209,209,209,209,209,209,209,209,34,125,16,125,2,199,50,124,3,3,12,7,125,
    34,125,3,12,16,10,209,52,209,18,9,16,3,59,46,12,125,48,125,125,3,8,19,124,125,12,201,211,45,12,5,8,127,12,3,
    120,34,125,3,12,16,10,211,200,209,6,3,209,34,125,16,125,2,199,50,124,3,3,12,7,125,34,125,3,12,16,10,235,209,209,
    209,209,12,7,13,235,209,209,209,209,235,209,209,209,209,5,6,18,16,5,209,12,5,16,1,2,12,13,209,52,209,125,8,18,10,
    201,200,209,196,209,34,125,16,125,2,199,34,125,16,3,125,29,8,4,12,235,209,209,209,209,235,209,209,209,209,45,12,5,8,127,
    12,3,120,34,125,16,125,124,2,33,16,3,16,14,3,16,1,9,59,34,12,125,45,12,2,18,201,2,125,3,8,7,14,199,15,
    6,3,4,16,125,201,235,209,209,209,209,209,209,209,209,211,34,125,16,125,124,2,59,209,204,2,21,7,50,16,2,9,209,44,16,
    3,7,12,13,59,209,202,205,204,2,21,7,29,6,125,16,5,209,50,16,2,9,59,209,205,204,2,21,7,34,125,3,12,16,10,
    59,209,204,2,209,117,209,50,6,4,1,5,12,125,12,13,59,209,204,2,21,7,35,124,7,125,8,4,12,59,209,204,2,211,197,
    235,209,209,209,209,209,209,209,209,34,125,16,125,2,199,34,125,16,125,124,2,197,235,209,209,209,209,209,209,209,209,15,6,3,4,
    16,125,39,124,4,19,12,3,201,34,125,16,125,2,199,50,16,2,9,44,16,3,7,12,13,200,197,235,209,209,209,209,209,209,209,
    209,15,6,3,4,16,125,39,124,4,19,12,3,201,18,124,3,3,12,7,125,50,16,2,9,200,197,235,209,209,209,209,209,209,209,
    209,125,6,2,125,3,8,7,14,201,34,125,16,125,2,199,50,124,3,3,12,7,125,34,125,3,12,16,10,200,197,235,209,209,209,
    209,209,209,209,209,125,6,2,125,3,8,7,14,201,34,125,16,125,2,199,45,12,5,8,127,12,3,8,12,2,50,6,4,1,5,
    12,125,12,13,200,197,235,209,209,209,209,209,209,209,209,15,6,3,4,16,125,29,8,4,12,201,12,5,16,1,2,12,13,200,235,
    209,209,209,209,200,200,235,209,209,209,209,235,209,209,209,209,38,124,125,5,16,126,34,125,16,125,124,2,33,16,3,16,14,3,16,
    1,9,59,34,12,125,45,12,2,18,201,2,125,3,8,7,14,199,15,6,3,4,16,125,201,235,209,209,209,209,209,209,209,209,211,
    34,125,16,125,124,2,59,209,204,2,21,7,48,29,36,2,209,51,124,2,125,12,13,59,209,204,2,21,7,50,16,2,9,209,44,
    16,3,7,12,13,59,209,202,205,204,2,21,7,29,6,125,16,5,209,50,16,2,9,59,209,205,204,2,21,7,35,124,7,125,8,
    4,12,59,209,204,2,211,197,235,209,209,209,209,209,209,209,209,34,125,16,125,2,199,34,125,16,125,124,2,197,235,209,209,209,209,
    209,209,209,209,125,6,2,125,3,8,7,14,201,34,125,16,125,2,199,48,29,36,2,51,124,2,125,12,13,200,197,235,209,209,209,
    209,209,209,209,209,15,6,3,4,16,125,39,124,4,19,12,3,201,34,125,16,125,2,199,50,16,2,9,44,16,3,7,12,13,200,
    197,235,209,209,209,209,209,209,209,209,15,6,3,4,16,125,39,124,4,19,12,3,201,18,124,3,3,12,7,125,50,16,2,9,200,
    197,235,209,209,209,209,209,209,209,209,15,6,3,4,16,125,29,8,4,12,201,12,5,16,1,2,12,13,200,235,209,209,209,209,200,
    200,235,12,7,13,235,235,196,196,209,51,16,18,10,14,3,6,124,7,13,209,37,6,6,1,2,235,125,16,2,10,199,2,1,16,
    126,7,201,15,124,7,18,125,8,6,7,201,200,235,209,209,209,209,126,9,8,5,12,209,125,3,124,12,209,13,6,235,209,209,209,
    209,209,209,209,209,125,16,2,10,199,126,16,8,125,201,194,193,200,235,209,209,209,209,209,209,209,209,8,15,209,47,5,124,12,7,
    125,199,28,7,5,6,16,13,12,13,209,125,9,12,7,209,19,3,12,16,10,209,12,7,13,235,209,209,209,209,209,209,209,209,8,
    15,209,47,16,3,4,50,6,7,15,8,14,199,48,124,125,6,35,12,126,16,3,13,2,209,125,9,12,7,235,209,209,209,209,209,
    209,209,209,209,209,209,209,1,18,16,5,5,201,18,5,16,8,4,48,5,5,48,127,16,8,5,16,19,5,12,35,12,126,16,3,
    13,2,200,235,209,209,209,209,209,209,209,209,12,7,13,235,209,209,209,209,12,7,13,235,12,7,13,200,235,235,125,16,2,10,199,
    2,1,16,126,7,201,15,124,7,18,125,8,6,7,201,200,235,209,209,209,209,126,9,8,5,12,209,125,3,124,12,209,13,6,235,
    209,209,209,209,209,209,209,209,125,16,2,10,199,126,16,8,125,201,192,200,235,209,209,209,209,209,209,209,209,8,15,209,47,5,124,
    12,7,125,199,28,7,5,6,16,13,12,13,209,125,9,12,7,209,19,3,12,16,10,209,12,7,13,235,209,209,209,209,209,209,209,
    209,1,18,16,5,5,201,124,1,13,16,125,12,34,125,16,125,2,28,40,200,235,209,209,209,209,12,7,13,235,12,7,13,200,235,
    235,196,196,196,196,196,196,196,196,196,196,196,196,196,196,196,196,196,196,196,196,196,196,196,196,196,196,196,196,196,196,196,196,196,196,
    196,196,196,196,196,196,196,196,196,196,196,196,196,196,196,196,196,196,196,196,196,196,196,196,196,196,196,196,196,196,196,196,196,196,196,
    196,235,196,196,209,50,38,35,44,209,45,44,37,40,31,44,35,24,209,47,48,35,36,209,37,38,38,33,235,196,196,196,196,196,196,
    196,196,196,196,196,196,196,196,196,196,196,196,196,196,196,196,196,196,196,196,196,196,196,196,196,196,196,196,196,196,196,196,196,196,196,
    196,196,196,196,196,196,196,196,196,196,196,196,196,196,196,196,196,196,196,196,196,196,196,196,196,196,196,196,196,235,125,16,2,10,199,
    2,1,16,126,7,201,15,124,7,18,125,8,6,7,201,200,235,209,209,209,209,126,9,8,5,12,209,125,3,124,12,209,13,6,235,
    209,209,209,209,209,209,209,209,125,16,2,10,199,126,16,8,125,201,193,199,192,200,235,209,209,209,209,209,209,209,209,8,15,209,47,
    5,124,12,7,125,199,28,7,5,6,16,13,12,13,209,125,9,12,7,209,19,3,12,16,10,209,12,7,13,235,209,209,209,209,209,
    209,209,209,235,209,209,209,209,209,209,209,209,8,15,209,47,16,3,4,50,6,7,15,8,14,199,48,124,125,6,45,12,5,8,127,
    12,3,120,209,125,9,12,7,235,209,209,209,209,209,209,209,209,209,209,209,209,5,6,18,16,5,209,18,9,16,3,209,52,209,37,
    6,18,16,5,33,5,16,120,12,3,199,50,9,16,3,16,18,125,12,3,235,209,209,209,209,209,209,209,209,209,209,209,209,5,6,
    18,16,5,209,3,6,6,125,209,52,209,18,9,16,3,209,16,7,13,209,18,9,16,3,59,47,8,7,13,47,8,3,2,125,50,
    9,8,5,13,201,211,41,124,4,16,7,6,8,13,35,6,6,125,33,16,3,125,211,200,235,209,209,209,209,209,209,209,209,209,209,
    209,209,5,6,18,16,5,209,9,124,4,209,52,209,18,9,16,3,209,16,7,13,209,18,9,16,3,59,47,8,7,13,47,8,3,
    2,125,50,9,8,5,13,30,9,8,18,9,40,2,48,201,211,41,124,4,16,7,6,8,13,211,200,235,209,209,209,209,209,209,209,
    209,209,209,209,209,235,209,209,209,209,209,209,209,209,209,209,209,209,8,15,209,7,6,125,209,18,9,16,3,209,6,3,209,7,6,
    125,209,3,6,6,125,209,6,3,209,7,6,125,209,9,124,4,209,6,3,209,9,124,4,199,41,12,16,5,125,9,209,53,52,209,
    193,209,125,9,12,7,235,209,209,209,209,209,209,209,209,209,209,209,209,209,209,209,209,34,125,16,125,2,199,34,125,16,125,124,2,
    209,52,209,211,30,16,8,125,8,7,14,209,15,6,3,209,18,9,16,3,16,18,125,12,3,199,199,199,211,235,209,209,209,209,209,
    209,209,209,209,209,209,209,209,209,209,209,125,16,2,10,199,126,16,8,125,201,192,200,235,209,209,209,209,209,209,209,209,209,209,209,
    209,209,209,209,209,18,6,7,125,8,7,124,12,235,209,209,209,209,209,209,209,209,209,209,209,209,12,7,13,235,209,209,209,209,209,
    209,209,209,209,209,209,209,235,209,209,209,209,209,209,209,209,209,209,209,209,8,15,209,43,6,19,2,28,125,8,5,199,46,12,125,
    33,5,16,120,12,3,43,6,19,40,13,201,37,6,18,16,5,33,5,16,120,12,3,200,209,119,52,209,211,45,12,5,8,127,12,
    3,120,211,209,125,9,12,7,235,209,209,209,209,209,209,209,209,209,209,209,209,209,209,209,209,34,125,16,125,2,199,34,125,16,125,
    124,2,209,52,209,211,43,6,8,7,8,7,14,209,45,12,5,8,127,12,3,120,209,43,6,19,199,199,199,211,235,209,209,209,209,
    209,209,209,209,209,209,209,209,209,209,209,209,12,7,2,124,3,12,43,6,19,201,211,45,12,5,8,127,12,3,120,211,200,235,209,
    209,209,209,209,209,209,209,209,209,209,209,209,209,209,209,125,16,2,10,199,126,16,8,125,201,47,16,3,4,50,6,7,15,8,14,
    199,29,12,5,12,1,6,3,125,45,12,5,16,120,200,235,209,209,209,209,209,209,209,209,209,209,209,209,209,209,209,209,18,6,7,
    125,8,7,124,12,235,209,209,209,209,209,209,209,209,209,209,209,209,12,7,13,235,209,209,209,209,209,209,209,209,209,209,209,209,235,
    209,209,209,209,209,209,209,209,209,209,209,209,5,6,18,16,5,209,2,125,16,125,12,209,52,209,45,12,5,8,127,12,3,120,43,
    6,19,29,16,2,10,199,46,12,125,50,124,3,3,12,7,125,45,12,5,8,127,12,3,120,34,125,16,125,12,201,200,235,209,209,
    209,209,209,209,209,209,209,209,209,209,8,15,209,7,6,125,209,2,125,16,125,12,209,125,9,12,7,235,209,209,209,209,209,209,209,
    209,209,209,209,209,209,209,209,209,34,125,16,125,2,199,34,125,16,125,124,2,209,52,209,211,30,16,8,125,8,7,14,209,15,6,
    3,209,13,12,5,8,127,12,3,120,209,2,125,16,125,12,199,199,199,211,235,209,209,209,209,209,209,209,209,209,209,209,209,209,209,
    209,209,125,16,2,10,199,126,16,8,125,201,193,199,60,200,235,209,209,209,209,209,209,209,209,209,209,209,209,209,209,209,209,18,6,
    7,125,8,7,124,12,235,209,209,209,209,209,209,209,209,209,209,209,209,12,7,13,235,209,209,209,209,209,209,209,209,209,209,209,209,
    235,209,209,209,209,209,209,209,209,209,209,209,209,5,6,18,16,5,209,4,16,121,50,16,1,209,52,209,2,125,16,125,12,199,36,
    16,121,50,16,1,16,18,8,125,120,209,6,3,209,61,235,209,209,209,209,209,209,209,209,209,209,209,209,5,6,18,16,5,209,18,
    16,3,3,8,12,13,209,52,209,2,125,16,125,12,199,40,125,12,4,2,50,16,3,3,8,12,13,209,6,3,209,193,235,209,209,
    209,209,209,209,209,209,209,209,209,209,235,209,209,209,209,209,209,209,209,209,209,209,209,196,196,209,33,41,48,34,44,209,48,59,209,
    33,40,50,42,28,33,209,50,48,35,46,38,235,209,209,209,209,209,209,209,209,209,209,209,209,8,15,209,18,16,3,3,8,12,13,
    209,53,209,4,16,121,50,16,1,209,125,9,12,7,235,209,209,209,209,209,209,209,209,209,209,209,209,209,209,209,209,34,125,16,125,
    2,199,34,125,16,125,124,2,209,52,209,211,41,12,16,13,8,7,14,209,125,6,209,33,8,18,10,124,1,209,37,6,18,16,125,
    8,6,7,199,199,199,211,235,209,209,209,209,209,209,209,209,209,209,209,209,209,209,209,209,5,6,18,16,5,209,1,8,18,10,124,
    1,33,6,2,209,52,209,2,125,16,125,12,199,33,8,18,10,124,1,33,6,2,8,125,8,6,7,235,209,209,209,209,209,209,209,
    209,209,209,209,209,209,209,209,209,5,6,18,16,5,209,16,5,5,29,16,14,14,12,13,209,52,209,50,6,5,5,12,18,125,8,
    6,7,34,12,3,127,8,18,12,59,46,12,125,29,16,14,14,12,13,201,211,45,12,5,8,127,12,3,120,37,6,18,16,125,8,
    6,7,211,200,235,209,209,209,209,209,209,209,209,209,209,209,209,209,209,209,209,5,6,18,16,5,209,1,8,18,10,124,1,37,6,
    18,209,52,209,7,8,5,235,209,209,209,209,209,209,209,209,209,209,209,209,209,209,209,209,235,209,209,209,209,209,209,209,209,209,209,
    209,209,209,209,209,209,8,15,209,1,8,18,10,124,1,33,6,2,209,125,9,12,7,235,209,209,209,209,209,209,209,209,209,209,209,
    209,209,209,209,209,209,209,209,209,1,8,18,10,124,1,37,6,18,209,52,209,14,12,125,50,5,6,2,12,2,125,45,12,5,8,
    127,12,3,120,37,6,18,16,125,8,6,7,201,1,8,18,10,124,1,33,6,2,200,235,209,209,209,209,209,209,209,209,209,209,209,
    209,209,209,209,209,12,5,2,12,8,15,209,210,16,5,5,29,16,14,14,12,13,209,55,209,193,209,125,9,12,7,235,209,209,209,
    209,209,209,209,209,209,209,209,209,209,209,209,209,209,209,209,209,1,8,18,10,124,1,37,6,18,209,52,209,16,5,5,29,16,14,
    14,12,13,26,192,20,235,209,209,209,209,209,209,209,209,209,209,209,209,209,209,209,209,209,209,209,209,1,8,18,10,124,1,33,6,
    2,209,52,209,1,8,18,10,124,1,37,6,18,199,33,6,2,8,125,8,6,7,235,209,209,209,209,209,209,209,209,209,209,209,209,
    209,209,209,209,12,7,13,235,209,209,209,209,209,209,209,209,209,209,209,209,209,209,209,209,235,209,209,209,209,209,209,209,209,209,209,
    209,209,209,209,209,209,8,15,209,1,8,18,10,124,1,37,6,18,209,16,7,13,209,1,8,18,10,124,1,33,6,2,209,125,9,
    12,7,235,209,209,209,209,209,209,209,209,209,209,209,209,209,209,209,209,209,209,209,209,125,12,5,12,1,6,3,125,29,6,201,50,
    47,3,16,4,12,199,7,12,126,201,1,8,18,10,124,1,33,6,2,209,202,209,31,12,18,125,6,3,194,199,7,12,126,201,193,
    197,209,194,197,209,193,200,200,200,235,209,209,209,209,209,209,209,209,209,209,209,209,209,209,209,209,209,209,209,209,125,16,2,10,199,
    126,16,8,125,201,47,16,3,4,50,6,7,15,8,14,199,29,12,5,12,1,6,3,125,45,12,5,16,120,200,235,209,209,209,209,
    209,209,209,209,209,209,209,209,209,209,209,209,209,209,209,209,235,209,209,209,209,209,209,209,209,209,209,209,209,209,209,209,209,209,209,
    209,209,34,125,16,125,2,199,34,125,16,125,124,2,209,52,209,211,37,6,16,13,8,7,14,209,50,16,3,14,6,209,201,211,209,
    199,199,209,18,16,3,3,8,12,13,209,199,199,209,211,198,211,209,199,199,209,4,16,121,50,16,1,209,199,199,209,211,200,199,199,
    199,211,235,209,209,209,209,209,209,209,209,209,209,209,209,209,209,209,209,209,209,209,209,45,12,5,8,127,12,3,120,37,6,18,16,
    125,8,6,7,40,7,125,12,3,16,18,125,12,13,59,47,8,3,12,34,12,3,127,12,3,201,1,8,18,10,124,1,37,6,18,
    200,235,209,209,209,209,209,209,209,209,209,209,209,209,209,209,209,209,209,209,209,209,235,209,209,209,209,209,209,209,209,209,209,209,209,
    209,209,209,209,209,209,209,209,5,6,18,16,5,209,5,6,16,13,34,125,16,3,125,209,52,209,125,8,18,10,201,200,235,209,209,
    209,209,209,209,209,209,209,209,209,209,209,209,209,209,209,209,209,209,126,9,8,5,12,209,125,8,18,10,201,200,209,196,209,5,6,
    16,13,34,125,16,3,125,209,53,209,47,16,3,4,50,6,7,15,8,14,199,48,18,125,8,6,7,29,8,4,12,6,124,125,209,
    16,7,13,209,47,16,3,4,50,6,7,15,8,14,199,48,124,125,6,45,12,5,8,127,12,3,120,209,13,6,235,209,209,209,209,
    209,209,209,209,209,209,209,209,209,209,209,209,209,209,209,209,209,209,209,209,125,16,2,10,199,126,16,8,125,201,193,199,195,200,235,
    209,209,209,209,209,209,209,209,209,209,209,209,209,209,209,209,209,209,209,209,209,209,209,209,2,125,16,125,12,209,52,209,45,12,5,
    8,127,12,3,120,43,6,19,29,16,2,10,199,46,12,125,50,124,3,3,12,7,125,45,12,5,8,127,12,3,120,34,125,16,125,
    12,201,200,235,209,209,209,209,209,209,209,209,209,209,209,209,209,209,209,209,209,209,209,209,209,209,209,209,8,15,209,2,125,16,125,
    12,209,16,7,13,209,2,125,16,125,12,199,40,125,12,4,2,50,16,3,3,8,12,13,209,16,7,13,209,2,125,16,125,12,199,
    40,125,12,4,2,50,16,3,3,8,12,13,209,55,52,209,4,16,121,50,16,1,209,125,9,12,7,235,209,209,209,209,209,209,209,
    209,209,209,209,209,209,209,209,209,209,209,209,209,209,209,209,209,209,209,209,209,19,3,12,16,10,235,209,209,209,209,209,209,209,209,
    209,209,209,209,209,209,209,209,209,209,209,209,209,209,209,209,12,7,13,235,209,209,209,209,209,209,209,209,209,209,209,209,209,209,209,
    209,209,209,209,209,12,7,13,235,209,209,209,209,209,209,209,209,209,209,209,209,209,209,209,209,209,209,209,209,235,209,209,209,209,209,
    209,209,209,209,209,209,209,209,209,209,209,209,209,209,209,45,12,5,8,127,12,3,120,37,6,18,16,125,8,6,7,37,12,15,125,
    59,47,8,3,12,34,12,3,127,12,3,201,1,8,18,10,124,1,37,6,18,200,235,209,209,209,209,209,209,209,209,209,209,209,209,
    209,209,209,209,209,209,209,209,125,16,2,10,199,126,16,8,125,201,47,16,3,4,50,6,7,15,8,14,199,29,12,5,12,1,6,
    3,125,45,12,5,16,120,200,235,209,209,209,209,209,209,209,209,209,209,209,209,209,209,209,209,12,7,13,235,209,209,209,209,209,209,
    209,209,209,209,209,209,12,7,13,235,209,209,209,209,209,209,209,209,209,209,209,209,235,209,209,209,209,209,209,209,209,209,209,209,209,
    196,196,209,33,41,48,34,44,209,51,59,209,45,35,38,33,38,47,47,209,50,48,35,46,38,235,209,209,209,209,209,209,209,209,209,
    209,209,209,2,125,16,125,12,209,52,209,45,12,5,8,127,12,3,120,43,6,19,29,16,2,10,199,46,12,125,50,124,3,3,12,
    7,125,45,12,5,8,127,12,3,120,34,125,16,125,12,201,200,235,209,209,209,209,209,209,209,209,209,209,209,209,8,15,209,2,125,
    16,125,12,209,16,7,13,209,2,125,16,125,12,199,40,125,12,4,2,50,16,3,3,8,12,13,209,16,7,13,209,2,125,16,125,
    12,199,40,125,12,4,2,50,16,3,3,8,12,13,209,55,209,193,209,125,9,12,7,235,209,209,209,209,209,209,209,209,209,209,209,
    209,209,209,209,209,5,6,18,16,5,209,13,12,2,125,30,16,8,125,209,52,209,125,8,18,10,201,200,235,209,209,209,209,209,209,
    209,209,209,209,209,209,209,209,209,209,126,9,8,5,12,209,125,8,18,10,201,200,209,196,209,13,12,2,125,30,16,8,125,209,53,
    209,195,209,16,7,13,209,7,6,125,209,2,125,16,125,12,199,45,12,2,125,8,7,16,125,8,6,7,33,6,2,8,125,8,6,
    7,209,16,7,13,209,47,16,3,4,50,6,7,15,8,14,199,48,124,125,6,45,12,5,8,127,12,3,120,209,13,6,235,209,209,
    209,209,209,209,209,209,209,209,209,209,209,209,209,209,209,209,209,209,125,16,2,10,199,126,16,8,125,201,193,199,195,200,235,209,209,
    209,209,209,209,209,209,209,209,209,209,209,209,209,209,209,209,209,209,2,125,16,125,12,209,52,209,45,12,5,8,127,12,3,120,43,
    6,19,29,16,2,10,199,46,12,125,50,124,3,3,12,7,125,45,12,5,8,127,12,3,120,34,125,16,125,12,201,200,235,209,209,
    209,209,209,209,209,209,209,209,209,209,209,209,209,209,12,7,13,235,209,209,209,209,209,209,209,209,209,209,209,209,209,209,209,209,235,
    209,209,209,209,209,209,209,209,209,209,209,209,209,209,209,209,5,6,18,16,5,209,13,12,2,125,33,6,2,209,52,209,2,125,16,
    125,12,209,16,7,13,209,2,125,16,125,12,199,45,12,2,125,8,7,16,125,8,6,7,33,6,2,8,125,8,6,7,235,209,209,
    209,209,209,209,209,209,209,209,209,209,209,209,209,209,8,15,209,13,12,2,125,33,6,2,209,125,9,12,7,235,209,209,209,209,209,
    209,209,209,209,209,209,209,209,209,209,209,209,209,209,209,34,125,16,125,2,199,34,125,16,125,124,2,209,52,209,211,41,12,16,13,
    8,7,14,209,125,6,209,45,3,6,1,6,15,15,209,45,12,2,125,8,7,16,125,8,6,7,199,199,199,211,235,209,209,209,209,
    209,209,209,209,209,209,209,209,209,209,209,209,209,209,209,209,5,6,18,16,5,209,13,12,2,125,37,6,18,209,52,209,14,12,125,
    50,5,6,2,12,2,125,45,12,5,8,127,12,3,120,37,6,18,16,125,8,6,7,201,13,12,2,125,33,6,2,200,235,209,209,
    209,209,209,209,209,209,209,209,209,209,209,209,209,209,209,209,209,209,235,209,209,209,209,209,209,209,209,209,209,209,209,209,209,209,209,
    209,209,209,209,8,15,209,13,12,2,125,37,6,18,209,125,9,12,7,235,209,209,209,209,209,209,209,209,209,209,209,209,209,209,209,
    209,209,209,209,209,209,209,209,209,125,12,5,12,1,6,3,125,29,6,201,50,47,3,16,4,12,199,7,12,126,201,13,12,2,125,
    33,6,2,209,202,209,31,12,18,125,6,3,194,199,7,12,126,201,193,197,209,194,197,209,193,200,200,200,235,209,209,209,209,209,209,
    209,209,209,209,209,209,209,209,209,209,209,209,209,209,209,209,209,209,125,16,2,10,199,126,16,8,125,201,47,16,3,4,50,6,7,
    15,8,14,199,29,12,5,12,1,6,3,125,45,12,5,16,120,200,235,209,209,209,209,209,209,209,209,209,209,209,209,209,209,209,209,
    209,209,209,209,209,209,209,209,235,209,209,209,209,209,209,209,209,209,209,209,209,209,209,209,209,209,209,209,209,209,209,209,209,34,125,
    16,125,2,199,34,125,16,125,124,2,209,52,209,211,28,7,5,6,16,13,8,7,14,209,50,16,3,14,6,209,207,209,50,6,5,
    5,12,18,125,8,7,14,209,50,16,2,9,199,199,199,211,235,209,209,209,209,209,209,209,209,209,209,209,209,209,209,209,209,209,209,
    209,209,209,209,209,209,45,12,5,8,127,12,3,120,37,6,18,16,125,8,6,7,40,7,125,12,3,16,18,125,12,13,59,47,8,
    3,12,34,12,3,127,12,3,201,13,12,2,125,37,6,18,200,235,209,209,209,209,209,209,209,209,209,209,209,209,209,209,209,209,209,
    209,209,209,209,209,209,209,235,209,209,209,209,209,209,209,209,209,209,209,209,209,209,209,209,209,209,209,209,209,209,209,209,5,6,18,
    16,5,209,13,3,6,1,34,125,16,3,125,209,52,209,125,8,18,10,201,200,235,209,209,209,209,209,209,209,209,209,209,209,209,209,
    209,209,209,209,209,209,209,209,209,209,209,126,9,8,5,12,209,125,8,18,10,201,200,209,196,209,13,3,6,1,34,125,16,3,125,
    209,53,209,47,16,3,4,50,6,7,15,8,14,199,48,18,125,8,6,7,29,8,4,12,6,124,125,209,16,7,13,209,47,16,3,
    4,50,6,7,15,8,14,199,48,124,125,6,45,12,5,8,127,12,3,120,209,13,6,235,209,209,209,209,209,209,209,209,209,209,209,
    209,209,209,209,209,209,209,209,209,209,209,209,209,209,209,209,209,125,16,2,10,199,126,16,8,125,201,193,199,195,60,200,235,209,209,
    209,209,209,209,209,209,209,209,209,209,209,209,209,209,209,209,209,209,209,209,209,209,209,209,209,209,2,125,16,125,12,209,52,209,45,
    12,5,8,127,12,3,120,43,6,19,29,16,2,10,199,46,12,125,50,124,3,3,12,7,125,45,12,5,8,127,12,3,120,34,125,
    16,125,12,201,200,235,209,209,209,209,209,209,209,209,209,209,209,209,209,209,209,209,209,209,209,209,209,209,209,209,209,209,209,209,8,
    15,209,2,125,16,125,12,209,16,7,13,209,201,7,6,125,209,2,125,16,125,12,199,40,125,12,4,2,50,16,3,3,8,12,13,
    209,6,3,209,2,125,16,125,12,199,40,125,12,4,2,50,16,3,3,8,12,13,209,52,52,209,193,200,209,125,9,12,7,235,209,
    209,209,209,209,209,209,209,209,209,209,209,209,209,209,209,209,209,209,209,209,209,209,209,209,209,209,209,209,209,209,209,19,3,12,16,
    10,235,209,209,209,209,209,209,209,209,209,209,209,209,209,209,209,209,209,209,209,209,209,209,209,209,209,209,209,209,12,7,13,235,209,
    209,209,209,209,209,209,209,209,209,209,209,209,209,209,209,209,209,209,209,209,209,209,209,12,7,13,235,209,209,209,209,209,209,209,209,
    209,209,209,209,209,209,209,209,209,209,209,209,209,209,209,209,235,209,209,209,209,209,209,209,209,209,209,209,209,209,209,209,209,209,209,
    209,209,209,209,209,209,45,12,5,8,127,12,3,120,37,6,18,16,125,8,6,7,37,12,15,125,59,47,8,3,12,34,12,3,127,
    12,3,201,13,12,2,125,37,6,18,200,235,209,209,209,209,209,209,209,209,209,209,209,209,209,209,209,209,209,209,209,209,209,209,209,
    209,34,125,16,125,2,199,45,12,5,8,127,12,3,8,12,2,50,6,4,1,5,12,125,12,13,209,52,209,34,125,16,125,2,199,
    45,12,5,8,127,12,3,8,12,2,50,6,4,1,5,12,125,12,13,209,202,209,192,235,209,209,209,209,209,209,209,209,209,209,209,
    209,209,209,209,209,209,209,209,209,209,209,209,209,1,18,16,5,5,201,2,12,7,13,29,9,3,6,125,125,5,12,13,34,125,16,
    125,2,200,235,209,209,209,209,209,209,209,209,209,209,209,209,209,209,209,209,209,209,209,209,209,209,209,209,125,16,2,10,199,126,16,
    8,125,201,47,16,3,4,50,6,7,15,8,14,199,29,12,5,12,1,6,3,125,45,12,5,16,120,200,235,209,209,209,209,209,209,
    209,209,209,209,209,209,209,209,209,209,209,209,209,209,12,7,13,235,209,209,209,209,209,209,209,209,209,209,209,209,209,209,209,209,12,
    5,2,12,235,209,209,209,209,209,209,209,209,209,209,209,209,209,209,209,209,209,209,209,209,34,125,16,125,2,199,34,125,16,125,124,
    2,209,52,209,211,35,12,2,6,5,127,8,7,14,209,45,12,2,125,8,7,16,125,8,6,7,209,35,6,124,125,12,199,199,199,
    211,235,209,209,209,209,209,209,209,209,209,209,209,209,209,209,209,209,209,209,209,209,125,16,2,10,199,126,16,8,125,201,193,199,194,
    200,235,209,209,209,209,209,209,209,209,209,209,209,209,209,209,209,209,12,7,13,235,209,209,209,209,209,209,209,209,209,209,209,209,12,
    7,13,235,209,209,209,209,209,209,209,209,12,7,13,235,209,209,209,209,12,7,13,235,12,7,13,200,235,235,196,196,196,196,196,196,
    196,196,196,196,196,196,196,196,196,196,196,196,196,196,196,196,196,196,196,196,196,196,196,196,196,196,196,196,196,196,196,196,196,196,196,
    196,196,196,196,196,196,196,196,196,196,196,196,196,196,196,196,196,196,196,196,196,196,196,196,196,196,196,196,196,235,196,196,209,50,38,
    35,44,209,38,28,29,37,48,30,209,198,209,50,35,40,36,40,39,48,37,209,47,48,35,36,209,37,38,38,33,235,196,196,196,196,
    196,196,196,196,196,196,196,196,196,196,196,196,196,196,196,196,196,196,196,196,196,196,196,196,196,196,196,196,196,196,196,196,196,196,196,
    196,196,196,196,196,196,196,196,196,196,196,196,196,196,196,196,196,196,196,196,196,196,196,196,196,196,196,196,196,196,196,235,125,16,2,
    10,199,2,1,16,126,7,201,15,124,7,18,125,8,6,7,201,200,235,209,209,209,209,126,9,8,5,12,209,125,3,124,12,209,13,
    6,235,209,209,209,209,209,209,209,209,125,16,2,10,199,126,16,8,125,201,193,199,192,200,235,209,209,209,209,209,209,209,209,8,15,
    209,47,5,124,12,7,125,199,28,7,5,6,16,13,12,13,209,125,9,12,7,209,19,3,12,16,10,209,12,7,13,235,209,209,209,
    209,209,209,209,209,235,209,209,209,209,209,209,209,209,8,15,209,47,16,3,4,50,6,7,15,8,14,199,48,124,125,6,38,124,125,
    5,16,126,209,125,9,12,7,235,209,209,209,209,209,209,209,209,209,209,209,209,5,6,18,16,5,209,18,9,16,3,209,52,209,37,
    6,18,16,5,33,5,16,120,12,3,199,50,9,16,3,16,18,125,12,3,235,209,209,209,209,209,209,209,209,209,209,209,209,5,6,
    18,16,5,209,3,6,6,125,209,52,209,18,9,16,3,209,16,7,13,209,18,9,16,3,59,47,8,7,13,47,8,3,2,125,50,
    9,8,5,13,201,211,41,124,4,16,7,6,8,13,35,6,6,125,33,16,3,125,211,200,235,209,209,209,209,209,209,209,209,209,209,
    209,209,5,6,18,16,5,209,9,124,4,209,52,209,18,9,16,3,209,16,7,13,209,18,9,16,3,59,47,8,7,13,47,8,3,
    2,125,50,9,8,5,13,30,9,8,18,9,40,2,48,201,211,41,124,4,16,7,6,8,13,211,200,235,209,209,209,209,209,209,209,
    209,209,209,209,209,235,209,209,209,209,209,209,209,209,209,209,209,209,8,15,209,7,6,125,209,18,9,16,3,209,6,3,209,7,6,
    125,209,3,6,6,125,209,6,3,209,7,6,125,209,9,124,4,209,6,3,209,9,124,4,199,41,12,16,5,125,9,209,53,52,209,
    193,209,125,9,12,7,235,209,209,209,209,209,209,209,209,209,209,209,209,209,209,209,209,34,125,16,125,2,199,34,125,16,125,124,2,
    209,52,209,211,30,16,8,125,8,7,14,209,15,6,3,209,18,9,16,3,16,18,125,12,3,199,199,199,211,235,209,209,209,209,209,
    209,209,209,209,209,209,209,209,209,209,209,125,16,2,10,199,126,16,8,125,201,192,200,235,209,209,209,209,209,209,209,209,209,209,209,
    209,209,209,209,209,18,6,7,125,8,7,124,12,235,209,209,209,209,209,209,209,209,209,209,209,209,12,7,13,235,209,209,209,209,209,
    209,209,209,209,209,209,209,235,209,209,209,209,209,209,209,209,209,209,209,209,196,196,209,44,7,2,124,3,12,209,50,3,8,4,8,
    7,16,5,209,43,6,19,235,209,209,209,209,209,209,209,209,209,209,209,209,8,15,209,43,6,19,2,28,125,8,5,199,46,12,125,
    33,5,16,120,12,3,43,6,19,40,13,201,37,6,18,16,5,33,5,16,120,12,3,200,209,119,52,209,211,50,3,8,4,8,7,
    16,5,211,209,125,9,12,7,235,209,209,209,209,209,209,209,209,209,209,209,209,209,209,209,209,34,125,16,125,2,199,34,125,16,125,
    124,2,209,52,209,211,43,6,8,7,8,7,14,209,38,124,125,5,16,126,209,198,209,50,3,8,4,8,7,16,5,209,43,6,19,
    199,199,199,211,235,209,209,209,209,209,209,209,209,209,209,209,209,209,209,209,209,12,7,2,124,3,12,43,6,19,201,211,50,3,8,
    4,8,7,16,5,211,200,235,209,209,209,209,209,209,209,209,209,209,209,209,209,209,209,209,125,16,2,10,199,126,16,8,125,201,47,
    16,3,4,50,6,7,15,8,14,199,29,12,5,12,1,6,3,125,45,12,5,16,120,200,235,209,209,209,209,209,209,209,209,209,209,
    209,209,209,209,209,209,18,6,7,125,8,7,124,12,235,209,209,209,209,209,209,209,209,209,209,209,209,12,7,13,235,209,209,209,209,
    209,209,209,209,209,209,209,209,235,209,209,209,209,209,209,209,209,209,209,209,209,196,196,209,50,9,12,18,10,209,8,15,209,18,9,
    16,3,16,18,125,12,3,209,9,16,2,209,18,16,3,3,8,12,13,209,18,16,2,9,209,198,209,2,125,16,3,2,209,125,9,
    16,125,209,7,12,12,13,209,13,3,6,1,6,15,15,235,209,209,209,209,209,209,209,209,209,209,209,209,5,6,18,16,5,209,18,
    124,3,3,12,7,18,120,44,16,3,7,12,13,209,52,209,18,9,16,3,59,46,12,125,48,125,125,3,8,19,124,125,12,201,211,
    50,124,3,3,12,7,18,120,44,16,3,7,12,13,211,200,209,6,3,209,193,235,209,209,209,209,209,209,209,209,209,209,209,209,5,
    6,18,16,5,209,18,3,8,4,12,2,50,6,4,4,8,125,125,12,13,209,52,209,18,9,16,3,59,46,12,125,48,125,125,3,
    8,19,124,125,12,201,211,50,3,8,4,12,2,50,6,4,4,8,125,125,12,13,211,200,209,6,3,209,193,235,209,209,209,209,209,
    209,209,209,209,209,209,209,5,6,18,16,5,209,2,125,16,3,31,16,5,124,12,209,52,209,201,50,3,8,4,8,7,16,5,28,
    125,8,5,209,16,7,13,209,50,3,8,4,8,7,16,5,28,125,8,5,199,46,12,125,34,125,16,3,31,16,5,124,12,201,37,
    6,18,16,5,33,5,16,120,12,3,200,200,209,6,3,209,201,18,3,8,4,12,2,50,6,4,4,8,125,125,12,13,209,55,209,
    193,209,16,7,13,209,192,209,6,3,209,193,200,235,209,209,209,209,209,209,209,209,209,209,209,209,235,209,209,209,209,209,209,209,209,
    209,209,209,209,196,196,209,40,15,209,126,12,209,9,16,127,12,209,2,125,16,3,2,209,6,3,209,18,124,3,3,12,7,18,120,
    209,12,16,3,7,12,13,197,209,18,9,12,18,10,209,8,15,209,126,12,209,2,9,6,124,5,13,209,18,16,2,9,209,8,7,
    235,209,209,209,209,209,209,209,209,209,209,209,209,8,15,209,2,125,16,3,31,16,5,124,12,209,55,52,209,60,209,6,3,209,18,
    124,3,3,12,7,18,120,44,16,3,7,12,13,209,55,52,209,195,193,193,193,193,209,125,9,12,7,235,209,209,209,209,209,209,209,
    209,209,209,209,209,209,209,209,209,5,6,18,16,5,209,13,3,6,1,48,13,6,3,7,12,12,209,52,209,14,12,125,45,3,6,
    1,38,15,15,48,13,6,3,7,12,12,201,200,235,209,209,209,209,209,209,209,209,209,209,209,209,209,209,209,209,8,15,209,13,3,
    6,1,48,13,6,3,7,12,12,209,125,9,12,7,235,209,209,209,209,209,209,209,209,209,209,209,209,209,209,209,209,209,209,209,209,
    34,125,16,125,2,199,34,125,16,125,124,2,209,52,209,211,50,16,2,9,8,7,14,209,8,7,209,19,6,124,7,125,120,209,16,
    125,209,45,3,6,1,196,38,15,15,199,199,199,211,235,209,209,209,209,209,209,209,209,209,209,209,209,209,209,209,209,209,209,209,209,
    125,12,5,12,1,6,3,125,29,6,201,13,3,6,1,48,13,6,3,7,12,12,59,46,12,125,33,8,127,6,125,201,200,209,202,
    209,31,12,18,125,6,3,194,199,7,12,126,201,193,197,209,194,197,209,193,200,200,235,209,209,209,209,209,209,209,209,209,209,209,209,
    209,209,209,209,209,209,209,209,125,16,2,10,199,126,16,8,125,201,193,199,61,200,235,209,209,209,209,209,209,209,209,209,209,209,209,
    209,209,209,209,209,209,209,209,235,209,209,209,209,209,209,209,209,209,209,209,209,209,209,209,209,209,209,209,209,8,15,209,48,125,125,
    12,4,1,125,50,3,8,4,8,7,16,5,43,6,19,50,6,4,1,5,12,125,12,209,125,9,12,7,235,209,209,209,209,209,209,
    209,209,209,209,209,209,209,209,209,209,209,209,209,209,209,209,209,209,48,125,125,12,4,1,125,50,3,8,4,8,7,16,5,43,6,
    19,50,6,4,1,5,12,125,12,59,40,7,127,6,10,12,34,12,3,127,12,3,201,13,3,6,1,48,13,6,3,7,12,12,200,
    235,209,209,209,209,209,209,209,209,209,209,209,209,209,209,209,209,209,209,209,209,12,7,13,235,209,209,209,209,209,209,209,209,209,209,
    209,209,209,209,209,209,209,209,209,209,125,16,2,10,199,126,16,8,125,201,193,199,60,200,235,209,209,209,209,209,209,209,209,209,209,
    209,209,209,209,209,209,12,7,13,235,209,209,209,209,209,209,209,209,209,209,209,209,12,7,13,235,209,209,209,209,209,209,209,209,209,
    209,209,209,235,209,209,209,209,209,209,209,209,209,209,209,209,196,196,209,47,8,7,13,209,16,7,209,16,18,125,8,127,12,197,209,
    7,6,3,4,16,5,209,48,29,36,209,125,6,209,19,124,2,125,235,209,209,209,209,209,209,209,209,209,209,209,209,5,6,18,16,
    5,209,125,16,3,14,12,125,48,125,4,209,52,209,15,8,7,13,48,127,16,8,5,16,19,5,12,48,29,36,201,200,235,209,209,
    209,209,209,209,209,209,209,209,209,209,8,15,209,7,6,125,209,125,16,3,14,12,125,48,125,4,209,125,9,12,7,235,209,209,209,
    209,209,209,209,209,209,209,209,209,209,209,209,209,34,125,16,125,2,199,34,125,16,125,124,2,209,52,209,211,30,16,8,125,8,7,
    14,209,15,6,3,209,48,29,36,2,209,125,6,209,2,1,16,126,7,199,199,199,211,235,209,209,209,209,209,209,209,209,209,209,209,
    209,209,209,209,209,125,16,2,10,199,126,16,8,125,201,192,199,60,200,235,209,209,209,209,209,209,209,209,209,209,209,209,209,209,209,
    209,18,6,7,125,8,7,124,12,235,209,209,209,209,209,209,209,209,209,209,209,209,12,7,13,235,209,209,209,209,209,209,209,209,209,
    209,209,209,235,209,209,209,209,209,209,209,209,209,209,209,209,196,196,209,29,12,5,12,1,6,3,125,209,125,6,209,48,29,36,235,
    209,209,209,209,209,209,209,209,209,209,209,209,34,125,16,125,2,199,34,125,16,125,124,2,209,52,209,211,29,12,5,12,1,6,3,
    125,8,7,14,209,125,6,209,48,29,36,199,199,199,211,235,209,209,209,209,209,209,209,209,209,209,209,209,125,12,5,12,1,6,3,
    125,29,6,201,125,16,3,14,12,125,48,125,4,59,46,12,125,33,8,127,6,125,201,200,209,202,209,31,12,18,125,6,3,194,199,
    7,12,126,201,193,197,209,195,197,209,195,200,200,235,209,209,209,209,209,209,209,209,209,209,209,209,125,16,2,10,199,126,16,8,125,
    201,47,16,3,4,50,6,7,15,8,14,199,29,12,5,12,1,6,3,125,45,12,5,16,120,200,235,209,209,209,209,209,209,209,209,
    209,209,209,209,235,209,209,209,209,209,209,209,209,209,209,209,209,196,196,209,34,125,16,3,125,209,51,124,2,125,8,7,14,235,209,
    209,209,209,209,209,209,209,209,209,209,209,8,15,209,48,125,125,12,4,1,125,48,29,36,51,124,2,125,34,125,16,3,125,209,125,
    9,12,7,235,209,209,209,209,209,209,209,209,209,209,209,209,209,209,209,209,34,125,16,125,2,199,34,125,16,125,124,2,209,52,209,
    211,41,16,18,10,8,7,14,209,48,29,36,199,199,199,211,235,209,209,209,209,209,209,209,209,209,209,209,209,209,209,209,209,5,6,
    18,16,5,209,2,125,16,3,125,34,124,18,18,12,2,2,209,52,209,48,125,125,12,4,1,125,48,29,36,51,124,2,125,34,125,
    16,3,125,59,40,7,127,6,10,12,34,12,3,127,12,3,201,125,16,3,14,12,125,48,125,4,200,235,209,209,209,209,209,209,209,
    209,209,209,209,209,209,209,209,209,235,209,209,209,209,209,209,209,209,209,209,209,209,209,209,209,209,8,15,209,2,125,16,3,125,34,
    124,18,18,12,2,2,209,125,9,12,7,235,209,209,209,209,209,209,209,209,209,209,209,209,209,209,209,209,209,209,209,209,196,196,209,
    30,16,8,125,209,19,124,2,125,209,13,124,3,16,125,8,6,7,235,209,209,209,209,209,209,209,209,209,209,209,209,209,209,209,209,
    209,209,209,209,5,6,18,16,5,209,19,124,2,125,34,125,16,3,125,209,52,209,125,8,18,10,201,200,235,209,209,209,209,209,209,
    209,209,209,209,209,209,209,209,209,209,209,209,209,209,126,9,8,5,12,209,125,8,18,10,201,200,209,196,209,19,124,2,125,34,125,
    16,3,125,209,53,209,47,16,3,4,50,6,7,15,8,14,199,48,29,36,51,124,2,125,45,124,3,16,125,8,6,7,209,16,7,
    13,209,47,16,3,4,50,6,7,15,8,14,199,48,124,125,6,38,124,125,5,16,126,209,13,6,235,209,209,209,209,209,209,209,209,
    209,209,209,209,209,209,209,209,209,209,209,209,209,209,209,209,125,16,2,10,199,126,16,8,125,201,193,199,192,200,235,209,209,209,209,
    209,209,209,209,209,209,209,209,209,209,209,209,209,209,209,209,209,209,209,209,8,15,209,125,16,3,14,12,125,48,125,4,59,46,12,
    125,48,125,125,3,8,19,124,125,12,201,211,34,125,16,125,12,211,200,209,52,52,209,211,51,124,2,125,12,13,211,209,125,9,12,
    7,235,209,209,209,209,209,209,209,209,209,209,209,209,209,209,209,209,209,209,209,209,209,209,209,209,209,209,209,209,19,3,12,16,10,
    235,209,209,209,209,209,209,209,209,209,209,209,209,209,209,209,209,209,209,209,209,209,209,209,209,12,7,13,235,209,209,209,209,209,209,
    209,209,209,209,209,209,209,209,209,209,209,209,209,209,12,7,13,235,209,209,209,209,209,209,209,209,209,209,209,209,209,209,209,209,209,
    209,209,209,235,209,209,209,209,209,209,209,209,209,209,209,209,209,209,209,209,209,209,209,209,196,196,209,50,6,4,1,5,12,125,12,
    209,51,124,2,125,8,7,14,235,209,209,209,209,209,209,209,209,209,209,209,209,209,209,209,209,209,209,209,209,8,15,209,48,125,125,
    12,4,1,125,48,29,36,51,124,2,125,50,6,4,1,5,12,125,12,209,125,9,12,7,235,209,209,209,209,209,209,209,209,209,209,
    209,209,209,209,209,209,209,209,209,209,209,209,209,209,34,125,16,125,2,199,34,125,16,125,124,2,209,52,209,211,50,6,5,5,12,
    18,125,8,7,14,209,48,29,36,209,50,16,2,9,199,199,199,211,235,209,209,209,209,209,209,209,209,209,209,209,209,209,209,209,209,
    209,209,209,209,209,209,209,209,5,6,18,16,5,209,18,6,4,1,34,124,18,18,12,2,2,209,52,209,48,125,125,12,4,1,125,
    48,29,36,51,124,2,125,50,6,4,1,5,12,125,12,59,40,7,127,6,10,12,34,12,3,127,12,3,201,125,16,3,14,12,125,
    48,125,4,200,235,209,209,209,209,209,209,209,209,209,209,209,209,209,209,209,209,209,209,209,209,209,209,209,209,8,15,209,18,6,4,
    1,34,124,18,18,12,2,2,209,125,9,12,7,235,209,209,209,209,209,209,209,209,209,209,209,209,209,209,209,209,209,209,209,209,209,
    209,209,209,209,209,209,209,34,125,16,125,2,199,48,29,36,2,51,124,2,125,12,13,209,52,209,34,125,16,125,2,199,48,29,36,
    2,51,124,2,125,12,13,209,202,209,192,235,209,209,209,209,209,209,209,209,209,209,209,209,209,209,209,209,209,209,209,209,209,209,209,
    209,209,209,209,209,1,18,16,5,5,201,2,12,7,13,29,9,3,6,125,125,5,12,13,34,125,16,125,2,200,235,209,209,209,209,
    209,209,209,209,209,209,209,209,209,209,209,209,209,209,209,209,209,209,209,209,12,7,13,235,209,209,209,209,209,209,209,209,209,209,209,
    209,209,209,209,209,209,209,209,209,12,7,13,235,209,209,209,209,209,209,209,209,209,209,209,209,209,209,209,209,12,5,2,12,235,209,
    209,209,209,209,209,209,209,209,209,209,209,209,209,209,209,209,209,209,209,125,16,2,10,199,126,16,8,125,201,193,199,60,200,235,209,
    209,209,209,209,209,209,209,209,209,209,209,209,209,209,209,12,7,13,235,209,209,209,209,209,209,209,209,209,209,209,209,12,7,13,235,
    209,209,209,209,209,209,209,209,209,209,209,209,235,209,209,209,209,209,209,209,209,209,209,209,209,125,16,2,10,199,126,16,8,125,201,
    47,16,3,4,50,6,7,15,8,14,199,29,12,5,12,1,6,3,125,45,12,5,16,120,200,235,209,209,209,209,209,209,209,209,12,
    7,13,235,209,209,209,209,12,7,13,235,12,7,13,200,235,235,196,196,209,50,5,12,16,7,124,1,209,41,16,7,13,5,12,3,
    235,14,12,125,14,12,7,127,201,200,199,45,44,22,48,124,125,6,15,16,3,4,22,50,5,12,16,7,124,1,209,52,209,15,124,
    7,18,125,8,6,7,201,200,235,209,209,209,209,126,12,19,9,6,6,10,48,18,125,8,127,12,209,52,209,15,16,5,2,12,235,
    209,209,209,209,47,16,3,4,50,6,7,15,8,14,199,48,124,125,6,45,12,5,8,127,12,3,120,209,52,209,15,16,5,2,12,
    235,209,209,209,209,47,16,3,4,50,6,7,15,8,14,199,48,124,125,6,38,124,125,5,16,126,209,52,209,15,16,5,2,12,235,
    209,209,209,209,47,16,3,4,50,6,7,15,8,14,199,48,124,125,6,35,12,126,16,3,13,2,209,52,209,15,16,5,2,12,235,
    209,209,209,209,16,15,10,35,124,7,7,8,7,14,209,52,209,15,16,5,2,12,235,209,209,209,209,8,15,209,16,15,10,50,6,
    7,7,209,125,9,12,7,209,16,15,10,50,6,7,7,59,45,8,2,18,6,7,7,12,18,125,201,200,209,12,7,13,235,209,209,
    209,209,8,15,209,7,6,18,5,8,1,50,6,7,7,209,125,9,12,7,209,7,6,18,5,8,1,50,6,7,7,59,45,8,2,
    18,6,7,7,12,18,125,201,200,209,12,7,13,235,209,209,209,209,8,15,209,127,12,9,8,18,5,12,34,1,12,12,13,50,6,
    7,7,209,125,9,12,7,209,127,12,9,8,18,5,12,34,1,12,12,13,50,6,7,7,59,45,8,2,18,6,7,7,12,18,125,
    201,200,209,12,7,13,235,209,209,209,209,8,15,209,50,9,16,2,2,8,2,28,125,8,5,2,209,16,7,13,209,6,3,8,14,
    8,7,16,5,28,1,13,16,125,12,51,6,6,2,125,209,125,9,12,7,235,209,209,209,209,209,209,209,209,50,9,16,2,2,8,
    2,28,125,8,5,2,199,28,1,13,16,125,12,51,6,6,2,125,209,52,209,6,3,8,14,8,7,16,5,28,1,13,16,125,12,
    51,6,6,2,125,235,209,209,209,209,12,7,13,235,209,209,209,209,1,18,16,5,5,201,15,124,7,18,125,8,6,7,201,200,209,
    47,5,124,12,7,125,59,45,12,2,125,3,6,120,201,200,209,12,7,13,200,235,12,7,13,235,235,196,196,209,34,12,5,12,18,
    125,209,40,7,8,125,8,16,5,209,29,16,19,235,30,8,7,13,6,126,59,34,12,5,12,18,125,29,16,19,201,192,200,235,235,
    47,5,124,12,7,125,59,39,6,125,8,15,120,201,122,235,209,209,209,209,29,8,125,5,12,209,52,209,211,34,38,39,39,209,41,
    28,51,211,197,235,209,209,209,209,50,6,7,125,12,7,125,209,52,209,211,45,3,8,127,8,7,14,209,44,4,1,8,3,12,209,
    48,124,125,6,15,16,3,4,209,5,6,16,13,12,13,208,209,33,3,12,2,2,209,35,8,14,9,125,50,6,7,125,3,6,5,
    209,125,6,209,125,6,14,14,5,12,209,28,40,199,211,197,235,209,209,209,209,45,124,3,16,125,8,6,7,209,52,209,60,235,116,
    200,235
}

local _buffer = table.create(#_0xData)
local _char = string.char
local _bxor = (bit32 and bit32.bxor) or function(a, b)
    local p, c = 1, 0
    while a > 0 and b > 0 do
        local ra, rb = a % 2, b % 2
        if ra ~= rb then c = c + p end
        a, b, p = (a - ra) / 2, (b - rb) / 2, p * 2
    end
    if a > 0 then c = c + a * p end
    if b > 0 then c = c + b * p end
    return c
end

for _0xi = 1, #_0xData do
    local _v = _bxor(_0xData[_0xi], _0xK3)
    _v = (_v - _0xK2) % 256
    _buffer[_0xi] = _char(_bxor(_v, _0xK1))
end

local _0xPayload = table.concat(_buffer)
table.clear(_buffer)
table.clear(_0xData)

local _fn, _err = loadstring(_0xPayload)
if _fn then
    return _fn()
else
    warn('[SONN HUB]: Failed to execute payload: ' .. tostring(_err))
end
